Timestamp,User Count,Type,Name,Requests/s,Failures/s,50%,66%,75%,80%,90%,95%,98%,99%,99.9%,99.99%,100%,Total Request Count,Total Failure Count,Total Median Response Time,Total Average Response Time,Total Min Response Time,Total Max Response Time,Total Average Content Size
1784866596,0,,Aggregated,0.000000,0.000000,N/A,N/A,N/A,N/A,N/A,N/A,N/A,N/A,N/A,N/A,N/A,0,0,0,0.0,0,0,0
1784866597,0,,Aggregated,0.000000,0.000000,N/A,N/A,N/A,N/A,N/A,N/A,N/A,N/A,N/A,N/A,N/A,0,0,0,0.0,0,0,0
1784866598,0,,Aggregated,0.000000,0.000000,N/A,N/A,N/A,N/A,N/A,N/A,N/A,N/A,N/A,N/A,N/A,0,0,0,0.0,0,0,0
1784866599,10,,Aggregated,0.000000,0.000000,N/A,N/A,N/A,N/A,N/A,N/A,N/A,N/A,N/A,N/A,N/A,0,0,0,0.0,0,0,0
1784866600,20,,Aggregated,0.000000,0.000000,450,1200,1200,1400,1600,1600,1600,1600,1600,1600,1600,25,0,450,767.9615960060619,200.41720004519448,1607.2846000315621,622.76
1784866601,20,,Aggregated,0.000000,0.000000,330,600,1200,1300,1400,1600,1600,1600,1600,1600,1600,47,0,330,594.1879106413057,81.44620002713054,1607.2846000315621,556.1914893617021
1784866602,20,,Aggregated,0.750000,0.000000,400,630,1200,1300,1400,1600,1600,1600,1600,1600,1600,54,0,400,605.0343277812418,81.44620002713054,1607.2846000315621,559.0370370370371
1784866603,20,,Aggregated,6.000000,0.000000,320,610,690,1100,1300,1400,1600,1600,1600,1600,1600,89,0,320,510.66193483531833,80.45040001161397,1607.2846000315621,470.70786516853934
1784866604,20,,Aggregated,7.833333,0.000000,150,450,630,780,1300,1400,1600,1600,1600,1600,1600,109,0,150,434.9608917468561,80.45040001161397,1607.2846000315621,441.38532110091745
1784866605,20,,Aggregated,10.714286,0.000000,170,400,590,660,1200,1400,1600,1600,1600,1600,1600,129,0,170,406.47064806494586,80.45040001161397,1607.2846000315621,421.85271317829455
1784866606,20,,Aggregated,11.875000,0.000000,200,390,450,610,1200,1400,1600,1600,1600,1600,1600,149,0,200,387.55583691632614,80.45040001161397,1607.2846000315621,436.9463087248322
1784866607,20,,Aggregated,12.777778,0.000000,200,330,410,590,1100,1300,1500,1600,1600,1600,1600,169,0,200,367.8454213053093,80.45040001161397,1607.2846000315621,442.85798816568047
1784866608,20,,Aggregated,13.500000,0.000000,170,300,400,450,970,1300,1500,1600,1600,1600,1600,189,0,170,346.15595026863195,80.45040001161397,1607.2846000315621,450.3862433862434
1784866609,20,,Aggregated,15.300000,0.000000,170,270,340,420,970,1300,1400,1600,1600,1600,1600,209,0,170,322.69089952452134,76.8263999489136,1607.2846000315621,440.49282296650716
1784866610,20,,Aggregated,17.500000,0.000000,150,230,330,400,690,1300,1400,1600,1600,1600,1600,229,0,150,303.6646231471085,76.8263999489136,1607.2846000315621,426.414847161572
1784866611,20,,Aggregated,19.500000,0.000000,140,200,310,390,660,1200,1400,1600,1600,1600,1600,249,0,140,287.4805839385381,76.8263999489136,1607.2846000315621,433.4497991967871
1784866612,20,,Aggregated,21.200000,0.000000,120,180,280,340,640,1200,1400,1600,1600,1600,1600,269,0,120,273.3916520469105,76.8263999489136,1607.2846000315621,447.4907063197026
1784866613,20,,Aggregated,20.500000,0.000000,120,170,270,330,620,1200,1400,1600,1600,1600,1600,289,0,120,261.5565359880455,76.8263999489136,1607.2846000315621,447.4083044982699
1784866614,20,,Aggregated,20.800000,0.000000,120,160,230,310,610,1200,1400,1500,1600,1600,1600,309,0,120,250.73248479183022,76.8263999489136,1607.2846000315621,453.76375404530745
1784866615,20,,Aggregated,20.000000,0.000000,110,150,210,300,600,1100,1400,1500,1600,1600,1600,329,0,110,241.76709270699226,76.8263999489136,1607.2846000315621,476.0820668693009
1784866616,20,,Aggregated,20.000000,0.000000,110,150,200,280,550,1100,1400,1500,1600,1600,1600,349,0,110,234.91537306733952,76.8263999489136,1607.2846000315621,475.5386819484241
1784866617,20,,Aggregated,20.000000,0.000000,110,150,180,250,470,970,1400,1500,1600,1600,1600,369,0,110,228.50496206100686,76.8263999489136,1607.2846000315621,485.2059620596206
1784866618,20,,Aggregated,20.000000,0.000000,120,150,180,230,450,970,1400,1500,1600,1600,1600,389,0,120,223.81630822747425,76.8263999489136,1607.2846000315621,477.05655526992285
1784866619,20,,Aggregated,20.200000,0.000000,120,150,180,220,430,970,1300,1400,1600,1600,1600,409,0,120,220.29266014827806,76.8263999489136,1607.2846000315621,473.01466992665036
1784866620,20,,Aggregated,20.000000,0.000000,120,160,190,220,410,780,1300,1400,1600,1600,1600,429,0,120,219.41954102695513,76.8263999489136,1607.2846000315621,477.13519813519815
1784866621,20,,Aggregated,20.000000,0.000000,120,170,200,230,400,690,1300,1400,1600,1600,1600,448,0,120,219.49372924206858,76.8263999489136,1607.2846000315621,472.8705357142857
1784866622,20,,Aggregated,20.000000,0.000000,120,170,200,220,400,680,1300,1400,1600,1600,1600,470,0,120,216.6398891497978,76.8263999489136,1607.2846000315621,467.9489361702128
1784866623,20,,Aggregated,19.400000,0.000000,120,160,200,220,400,660,1300,1400,1600,1600,1600,489,0,120,212.57766850786913,76.8263999489136,1607.2846000315621,473.53578732106337
1784866624,20,,Aggregated,19.800000,0.000000,120,160,190,220,390,660,1300,1400,1600,1600,1600,509,0,120,208.73091552106476,76.8263999489136,1607.2846000315621,471.8447937131631
1784866625,20,,Aggregated,20.000000,0.000000,120,150,190,210,360,660,1300,1400,1600,1600,1600,529,0,120,204.9058540648295,76.8263999489136,1607.2846000315621,470.2816635160681
1784866626,20,,Aggregated,20.000000,0.000000,120,150,180,210,340,640,1300,1400,1600,1600,1600,550,0,120,201.33539218243888,76.8263999489136,1607.2846000315621,465.2909090909091
1784866627,20,,Aggregated,20.000000,0.000000,120,150,180,200,330,630,1300,1400,1600,1600,1600,572,0,120,198.07868094449714,76.8263999489136,1607.2846000315621,461.6958041958042
1784866628,20,,Aggregated,20.000000,0.000000,120,150,170,200,320,620,1300,1400,1600,1600,1600,595,0,120,195.4068100844909,76.8263999489136,1607.2846000315621,452.5327731092437
1784866629,20,,Aggregated,20.000000,0.000000,120,150,170,200,320,610,1200,1400,1600,1600,1600,613,0,120,193.0406311587476,76.8263999489136,1607.2846000315621,454.65415986949426
1784866630,20,,Aggregated,20.000000,0.000000,120,140,170,200,310,610,1200,1400,1600,1600,1600,633,0,120,190.73774376036275,76.8263999489136,1607.2846000315621,454.39020537124804
1784866631,20,,Aggregated,20.000000,0.000000,120,140,170,190,300,600,1200,1400,1600,1600,1600,652,0,120,188.71014969379846,76.8263999489136,1607.2846000315621,452.1226993865031
1784866632,20,,Aggregated,20.000000,0.000000,120,140,160,180,300,600,1200,1400,1600,1600,1600,673,0,120,186.50910817268326,76.8263999489136,1607.2846000315621,464.1025260029718
1784866633,20,,Aggregated,20.600000,0.000000,120,140,160,180,280,590,1200,1400,1600,1600,1600,695,0,120,184.51092820179065,76.8263999489136,1607.2846000315621,462.6748201438849
1784866634,20,,Aggregated,20.200000,0.000000,120,140,160,180,280,550,1200,1400,1600,1600,1600,715,0,120,182.83006167845227,76.8263999489136,1607.2846000315621,460.8909090909091
1784866635,20,,Aggregated,20.000000,0.000000,120,140,160,170,270,510,1200,1400,1600,1600,1600,735,0,120,180.8449971428629,76.8263999489136,1607.2846000315621,461.04625850340136
1784866636,20,,Aggregated,20.000000,0.000000,120,140,150,170,250,470,1200,1400,1600,1600,1600,755,0,120,179.11063271531503,76.8263999489136,1607.2846000315621,464.3615894039735
1784866637,20,,Aggregated,20.000000,0.000000,120,140,150,170,250,450,1200,1400,1600,1600,1600,775,0,120,177.41541290347794,76.8263999489136,1607.2846000315621,467.7974193548387
1784866638,20,,Aggregated,20.000000,0.000000,120,130,150,170,240,450,1200,1400,1600,1600,1600,795,0,120,175.81337333375694,76.8263999489136,1607.2846000315621,468.1647798742138
1784866639,20,,Aggregated,20.000000,0.000000,120,130,150,170,230,450,1100,1300,1600,1600,1600,815,0,120,174.30846036877483,76.8263999489136,1607.2846000315621,467.35092024539875
1784866640,20,,Aggregated,20.000000,0.000000,120,130,150,160,230,430,1100,1300,1600,1600,1600,835,0,120,172.48283293471854,76.8263999489136,1607.2846000315621,466.8467065868264
1784866641,220,,Aggregated,20.000000,0.000000,120,130,150,160,230,420,1100,1300,1600,1600,1600,855,0,120,170.61636842173192,76.8263999489136,1607.2846000315621,474.38947368421054
1784866642,420,,Aggregated,20.000000,0.000000,120,130,150,170,280,400,1100,1300,1600,1600,1600,894,0,120,172.85968322214157,76.8263999489136,1607.2846000315621,475.51901565995524
1784866644,600,,Aggregated,20.000000,0.000000,120,140,170,200,330,630,1500,1600,1700,1700,1700,982,0,120,207.34584501061528,76.8263999489136,1650.3276000148617,467.6048879837067
1784866645,600,,Aggregated,20.000000,0.000000,130,170,210,230,400,1300,1600,1700,2800,3000,3000,1134,0,130,253.9867836863646,76.8263999489136,2962.8188999486156,464.1199294532628
1784866646,600,,Aggregated,28.600000,0.000000,140,200,240,280,600,1600,2700,3600,3800,3800,3800,1312,0,140,331.61618208835466,76.8263999489136,3836.868200043682,468.282012195122
1784866647,600,,Aggregated,41.900000,0.000000,160,230,270,300,1100,2700,3700,3700,3800,3900,3900,1478,0,160,414.3123976318846,76.8263999489136,3911.8191999732517,464.0135317997294
1784866648,600,,Aggregated,57.300000,0.000000,180,260,290,330,1100,2600,3700,3800,4400,4400,4400,1640,0,180,439.0639259757491,76.8263999489136,4380.3129000007175,461.1817073170732
1784866649,600,,Aggregated,72.200000,0.000000,210,280,310,510,1300,2600,3700,3800,4900,5100,5100,1821,0,210,481.07675722149907,76.8263999489136,5097.992499999236,466.8736957715541
1784866650,600,,Aggregated,85.900000,0.000000,230,290,330,640,1400,2600,3700,4000,6200,8000,8000,2008,0,230,515.7750591135837,76.8263999489136,7978.763799997978,463.9561752988048
1784866651,600,,Aggregated,85.900000,0.000000,260,300,390,760,1400,2600,3700,4400,9000,9100,9100,2150,0,260,544.3381552558479,76.8263999489136,9136.495499988087,465.65953488372094
1784866652,600,,Aggregated,118.900000,0.000000,260,300,470,800,1400,2700,3700,4400,9000,9100,9100,2192,0,260,564.6712669252331,76.8263999489136,9136.495499988087,466.90875912408757
1784866653,600,,Aggregated,131.500000,0.000000,260,300,530,830,1500,2700,3700,4400,9000,11000,11000,2210,0,260,580.6207361538911,76.8263999489136,11239.252400002442,466.6244343891403
1784866654,600,,Aggregated,133.600000,0.000000,260,300,590,870,1500,2700,3800,4600,9800,12000,12000,2235,0,260,613.8088686353427,76.8263999489136,11756.853000028059,465.72572706935125
1784866655,600,,Aggregated,131.500000,0.000000,270,310,710,940,2100,3200,4000,5000,9800,12000,12000,2305,0,270,697.0963340130162,76.8263999489136,11756.853000028059,466.3006507592191
1784866656,600,,Aggregated,125.200000,0.000000,270,320,820,980,2300,3500,4300,5400,12000,13000,13000,2354,0,270,742.0615935003814,76.8263999489136,13220.1465999824,466.42395921835174
1784866657,600,,Aggregated,125.200000,0.000000,280,350,890,1100,2600,3700,5100,6400,15000,15000,15000,2411,0,280,819.3987643716586,76.8263999489136,15102.056899981108,466.4898382413936
1784866658,600,,Aggregated,104.000000,0.000000,280,430,930,1200,2700,3800,5800,7600,15000,16000,16000,2481,0,280,914.8586964529526,76.8263999489136,15585.030200018082,465.2015316404676
1784866659,600,,Aggregated,93.400000,0.000000,280,580,980,1400,2800,4000,6400,7900,15000,16000,16000,2538,0,280,969.849004334042,76.8263999489136,15585.030200018082,463.6201733648542
1784866660,600,,Aggregated,84.100000,0.000000,280,690,1100,1500,2900,4200,6600,8600,18000,18000,18000,2636,0,280,1044.4793067144929,76.8263999489136,18058.856900024693,465.75493171471925
1784866661,600,,Aggregated,71.500000,0.000000,290,790,1100,1500,3100,4300,7400,10000,18000,19000,19000,2686,0,290,1107.7939053237274,76.8263999489136,19181.942800001707,464.4601638123604
1784866662,600,,Aggregated,62.700000,0.000000,290,900,1200,1600,3300,4900,8600,13000,20000,20000,20000,2793,0,290,1235.0422097383782,76.8263999489136,20186.035499966238,462.7372001432152
1784866663,600,,Aggregated,52.800000,0.000000,300,930,1300,1700,3400,5000,9000,14000,20000,21000,21000,2839,0,300,1281.640709651067,76.8263999489136,20767.094300012104,460.45332863684393
1784866664,600,,Aggregated,57.000000,0.000000,300,950,1400,1900,3500,5300,9800,16000,21000,22000,22000,2921,1,300,1365.5173317013544,76.8263999489136,22236.44950002199,462.67442656624445
1784866665,600,,Aggregated,62.400000,0.000000,310,980,1500,2000,3700,5900,12000,20000,23000,23000,23000,3010,5,310,1501.3112116610266,76.8263999489136,23277.69829996396,462.2980066445183
1784866666,600,,Aggregated,67.600000,0.100000,320,1000,1500,2100,3700,6300,14000,21000,24000,24000,24000,3064,8,320,1581.7132713119292,76.8263999489136,24092.052199994214,461.532637075718
1784866667,600,,Aggregated,70.000000,0.500000,340,1000,1600,2300,3800,6700,18000,21000,24000,25000,25000,3162,14,340,1715.9948145794092,76.8263999489136,25267.99010002287,460.94433902593295
1784866668,600,,Aggregated,71.200000,0.800000,390,1100,1700,2400,4000,7200,20000,23000,26000,26000,26000,3232,16,390,1833.1163752166915,76.8263999489136,26066.82449998334,461.8842821782178
1784866669,600,,Aggregated,72.600000,1.400000,520,1100,1900,2600,4200,8000,21000,24000,26000,27000,27000,3312,16,520,1966.6634949277002,76.8263999489136,27270.34290001029,460.93538647342996
1784866670,600,,Aggregated,74.600000,1.600000,600,1200,1900,2600,4300,8100,21000,24000,27000,28000,28000,3381,17,600,2018.6746312334822,76.8263999489136,27969.61619996,459.9278320023662
1784866671,600,,Aggregated,76.800000,1.600000,650,1200,2000,2700,4400,8500,21000,24000,28000,29000,29000,3435,17,650,2085.295416652277,76.8263999489136,29138.95620004041,460.2509461426492
1784866672,600,,Aggregated,74.100000,1.700000,760,1300,2100,2700,4700,9000,21000,24000,29000,29000,29000,3506,19,760,2164.0867060468213,76.8263999489136,29490.60560000362,460.0116942384484
1784866673,600,,Aggregated,74.500000,1.700000,800,1300,2200,2800,4900,9600,22000,25000,29000,30000,30000,3563,21,800,2223.355293348401,76.8263999489136,30370.653400023002,459.7855739545327
1784866674,600,,Aggregated,72.300000,1.800000,830,1400,2200,2800,5000,9800,23000,25000,31000,32000,32000,3623,21,830,2303.7637812036255,76.8263999489136,32312.445200048387,460.1600883245929
1784866675,600,,Aggregated,72.200000,2.100000,840,1400,2300,2800,5200,10000,22000,25000,31000,32000,32000,3676,21,840,2328.1578696410907,76.8263999489136,32312.445200048387,460.642274211099
1784866676,600,,Aggregated,69.600000,2.000000,880,1500,2400,2900,5200,10000,23000,26000,32000,33000,33000,3729,23,880,2391.477573129713,76.8263999489136,33400.82149999216,461.8916599624564
1784866677,600,,Aggregated,67.200000,1.600000,900,1500,2400,2900,5400,11000,23000,26000,33000,35000,35000,3777,24,900,2461.516330659507,76.8263999489136,35142.47829996748,463.44479745830023
1784866678,600,,Aggregated,66.100000,1.500000,920,1600,2500,3100,5600,12000,24000,28000,35000,36000,36000,3859,24,920,2564.653285488773,76.8263999489136,35542.732700007036,461.97745529930035
1784866679,600,,Aggregated,63.200000,1.000000,930,1600,2600,3100,5700,12000,24000,29000,36000,36000,36000,3938,24,930,2604.105713789067,76.8263999489136,36301.7568999785,463.17166074149316
1784866680,600,,Aggregated,62.300000,0.800000,940,1600,2600,3100,5900,14000,25000,32000,36000,38000,38000,4026,25,940,2731.1135944861603,76.8263999489136,37506.12620002357,463.87406855439644
1784866681,600,,Aggregated,60.200000,0.800000,950,1600,2700,3200,6100,14000,25000,32000,37000,39000,39000,4093,26,950,2796.4715074765477,76.8263999489136,38760.80639997963,462.5079403860249
1784866682,600,,Aggregated,63.500000,0.800000,970,1700,2700,3400,6600,17000,27000,35000,39000,39000,39000,4205,36,970,3013.8531763855594,76.8263999489136,39374.7629999998,460.8934601664685
1784866683,600,,Aggregated,66.700000,0.800000,980,1800,2800,3400,6800,17000,29000,36000,40000,41000,41000,4294,39,980,3117.5584516305107,76.8263999489136,41415.892800025176,460.46925943176524
1784866684,600,,Aggregated,68.500000,1.400000,1000,1800,2800,3600,7200,18000,32000,38000,42000,42000,42000,4367,50,1000,3269.4425359059614,76.8263999489136,42312.995599990245,460.13853904282115
1784866685,600,,Aggregated,71.900000,1.700000,1000,1900,2900,3700,8000,20000,36000,41000,43000,43000,43000,4562,55,1000,3568.5509258443535,76.8263999489136,43413.86039997451,460.96207803594916
1784866686,600,,Aggregated,74.900000,2.900000,1000,1900,2900,3700,8500,21000,39000,42000,44000,44000,44000,4774,59,1000,3752.475061186069,76.8263999489136,44053.82070003543,461.0504817762882
1784866687,600,,Aggregated,84.700000,3.300000,1000,1900,2900,3700,8800,22000,40000,42000,45000,45000,45000,4972,65,1000,3830.8418374299595,76.8263999489136,45086.42250002595,461.1788012872084
1784866688,600,,Aggregated,100.700000,3.400000,1000,1900,2900,3800,9200,23000,41000,43000,45000,46000,46000,5180,69,1000,3941.984247490739,76.8263999489136,46440.697900019586,459.8391891891892
1784866689,600,,Aggregated,115.400000,4.100000,1000,1900,2900,3800,9400,24000,41000,43000,46000,47000,47000,5376,72,1000,3984.2929455359977,76.8263999489136,47324.47970000794,461.37611607142856
1784866690,600,,Aggregated,127.800000,4.200000,1000,1900,2900,3700,9300,24000,41000,43000,46000,48000,48000,5582,73,1000,3957.1377124331048,76.8263999489136,48240.39539997466,460.5515944106055
1784866691,600,,Aggregated,141.800000,4.600000,1000,1900,2900,3700,9200,23000,41000,43000,47000,49000,49000,5765,74,1000,3939.2551097661367,76.8263999489136,48581.82050002506,459.8784041630529
1784866692,600,,Aggregated,151.400000,4.700000,1000,1800,2900,3700,9300,23000,41000,43000,49000,50000,50000,5957,77,1000,3949.71434749058,76.8263999489136,50401.423800038174,460.4519053214705
1784866693,600,,Aggregated,162.600000,4.900000,1000,1800,2800,3700,9000,23000,41000,43000,49000,50000,50000,6162,77,1000,3917.2858697178644,76.8263999489136,50401.423800038174,458.9170723790977
1784866694,600,,Aggregated,173.900000,4.400000,1000,1800,2800,3700,9000,23000,41000,43000,49000,50000,50000,6351,77,1000,3887.0267306252267,76.8263999489136,50401.423800038174,457.78208156195876
1784866695,600,,Aggregated,182.700000,3.900000,1000,1800,2800,3700,8900,23000,41000,43000,50000,52000,52000,6487,80,1000,3875.443416787568,76.8263999489136,51664.80770002818,458.1318020656698
1784866696,600,,Aggregated,194.500000,2.700000,1000,1800,2800,3700,8900,23000,42000,44000,52000,54000,54000,6672,86,1000,3903.949941322107,76.8263999489136,53543.75509999227,457.9478417266187
1784866697,600,,Aggregated,192.200000,2.500000,1000,1900,2800,3700,8800,22000,41000,44000,53000,54000,54000,6893,86,1000,3870.1847817352514,76.8263999489136,53543.75509999227,457.6484839692442
1784866698,600,,Aggregated,186.800000,2.800000,1000,1800,2800,3700,8800,22000,41000,43000,53000,54000,54000,7146,88,1000,3858.3463251611306,76.8263999489136,54455.4036000045,455.87013713965854
1784866699,600,,Aggregated,189.500000,2.100000,1000,1800,2800,3700,8600,22000,41000,43000,53000,54000,54000,7329,88,1000,3817.235952517574,76.8263999489136,54455.4036000045,456.93068631464047
1784866700,600,,Aggregated,194.200000,2.000000,1000,1800,2800,3700,8600,21000,41000,43000,53000,56000,56000,7526,93,1000,3795.3164201569425,76.8263999489136,56217.798300029244,456.44100451767207
1784866701,600,,Aggregated,194.900000,1.800000,1000,1800,2800,3700,8500,21000,41000,43000,53000,56000,56000,7724,95,1000,3761.1157440058,76.8263999489136,56217.798300029244,456.57729155877786
1784866702,600,,Aggregated,193.600000,1.900000,1000,1800,2700,3600,8300,20000,40000,43000,53000,56000,56000,7916,95,1000,3718.994548534778,76.8263999489136,56217.798300029244,458.6552551793835
1784866703,600,,Aggregated,193.700000,2.100000,1000,1800,2700,3600,8200,20000,39000,43000,53000,56000,56000,8113,95,1000,3681.373409330918,76.8263999489136,56217.798300029244,457.7875015407371
1784866704,600,,Aggregated,194.200000,1.900000,1000,1700,2700,3600,8000,20000,39000,43000,53000,56000,56000,8298,96,1000,3634.1819961438014,76.8263999489136,56217.798300029244,456.84333574355264
1784866705,600,,Aggregated,194.100000,1.800000,1000,1700,2700,3600,7900,19000,39000,43000,53000,62000,62000,8489,96,1000,3610.539642384441,76.8263999489136,62337.279200030025,456.5255035928849
1784866706,600,,Aggregated,193.200000,1.800000,1000,1700,2700,3500,7900,19000,39000,43000,53000,62000,62000,8687,97,1000,3584.3736871534306,76.8263999489136,62337.279200030025,456.01726718084495
1784866707,600,,Aggregated,198.700000,1.700000,1000,1700,2700,3500,7900,19000,39000,43000,53000,65000,65000,8882,97,1000,3564.2260377395014,76.8263999489136,65367.627100029495,454.7938527358703
1784866708,600,,Aggregated,201.600000,1.200000,1000,1700,2700,3500,7900,19000,39000,43000,53000,65000,65000,9074,98,1000,3546.288335960107,76.8263999489136,65367.627100029495,455.2455366982588
1784866709,600,,Aggregated,198.700000,1.100000,1000,1700,2600,3400,7700,18000,38000,43000,53000,65000,65000,9279,98,1000,3503.6665936094505,76.8263999489136,65367.627100029495,456.7051406401552
1784866710,600,,Aggregated,193.600000,1.200000,1000,1700,2600,3400,7700,18000,38000,43000,53000,65000,65000,9473,99,1000,3481.8280494249193,76.8263999489136,65367.627100029495,456.7047397867624
1784866711,600,,Aggregated,193.100000,1.000000,990,1700,2600,3400,7500,18000,38000,43000,53000,65000,65000,9657,99,990,3449.3350817440405,76.8263999489136,65367.627100029495,456.7138863000932
1784866712,600,,Aggregated,193.900000,0.700000,990,1600,2600,3400,7500,18000,37000,43000,53000,65000,65000,9842,101,990,3434.5377465659544,76.8263999489136,65367.627100029495,457.59693151798416
1784866713,600,,Aggregated,193.900000,0.400000,990,1600,2500,3400,7400,18000,37000,42000,53000,62000,65000,10036,101,990,3402.1012682545106,76.8263999489136,65367.627100029495,458.37176165803106
1784866714,600,,Aggregated,192.700000,0.600000,990,1600,2500,3300,7400,17000,37000,42000,53000,62000,65000,10235,101,990,3377.2251279435604,76.8263999489136,65367.627100029495,457.80029311187104
1784866715,600,,Aggregated,191.600000,0.600000,990,1600,2500,3300,7300,17000,36000,42000,53000,62000,65000,10436,103,990,3355.100096703962,76.8263999489136,65367.627100029495,457.92842085090075
1784866716,600,,Aggregated,192.300000,0.600000,990,1600,2500,3300,7200,17000,36000,42000,53000,62000,65000,10622,105,990,3335.7403136699786,76.8263999489136,65367.627100029495,459.1337789493504
1784866717,600,,Aggregated,193.000000,0.700000,990,1600,2500,3300,7100,17000,36000,42000,53000,62000,65000,10828,109,990,3318.2320176027392,76.8263999489136,65367.627100029495,459.2110269671223
1784866718,600,,Aggregated,192.500000,0.700000,980,1600,2400,3200,7100,17000,36000,42000,53000,62000,65000,11009,111,980,3303.7908573896484,76.8263999489136,65367.627100029495,458.2519756562812
1784866719,600,,Aggregated,192.900000,1.000000,980,1600,2400,3200,7000,17000,36000,42000,53000,62000,65000,11194,113,980,3289.706374620579,76.8263999489136,65367.627100029495,459.301322136859
1784866720,600,,Aggregated,193.600000,1.300000,980,1600,2400,3200,7100,17000,36000,42000,53000,62000,65000,11398,119,980,3276.980657229567,76.8263999489136,65367.627100029495,459.3654149850851
1784866721,600,,Aggregated,191.600000,1.400000,980,1600,2400,3200,7000,17000,35000,42000,53000,62000,65000,11587,121,980,3264.558317286829,76.8263999489136,65367.627100029495,459.28730473806854
1784866722,600,,Aggregated,191.100000,1.500000,980,1600,2400,3100,7000,17000,35000,42000,53000,62000,65000,11768,123,980,3247.370952685482,76.8263999489136,65367.627100029495,459.4168082936778
1784866723,600,,Aggregated,190.400000,2.100000,980,1600,2400,3100,6900,17000,34000,42000,53000,62000,65000,11981,128,980,3234.8716006012205,76.8263999489136,65367.627100029495,459.16976880060093
1784866724,600,,Aggregated,191.800000,2.100000,980,1600,2400,3100,6900,17000,34000,42000,52000,62000,65000,12179,131,980,3224.6160367192692,76.8263999489136,65367.627100029495,460.00394121028
1784866725,600,,Aggregated,193.100000,2.400000,980,1600,2400,3100,6900,16000,33000,42000,52000,62000,65000,12376,133,980,3211.1327358439084,76.8263999489136,65367.627100029495,460.1994990303814
1784866726,600,,Aggregated,193.300000,2.800000,980,1600,2400,3100,6900,16000,33000,42000,52000,62000,65000,12569,136,980,3198.824592099937,76.8263999489136,65367.627100029495,459.65510382687563
1784866727,600,,Aggregated,192.600000,2.900000,980,1600,2400,3100,6800,16000,33000,42000,52000,62000,65000,12756,140,980,3194.0474773208493,76.8263999489136,65367.627100029495,459.63436814048293
1784866728,600,,Aggregated,193.700000,3.000000,980,1600,2400,3100,6800,16000,33000,42000,52000,62000,65000,12948,143,980,3194.7416884387776,76.8263999489136,65367.627100029495,459.8913345690454
1784866729,600,,Aggregated,192.200000,3.100000,980,1600,2300,3100,6700,16000,33000,42000,52000,62000,65000,13146,146,980,3180.1949401495403,76.8263999489136,65367.627100029495,459.40362087326946
1784866730,600,,Aggregated,190.800000,3.000000,980,1600,2300,3100,6700,16000,33000,42000,52000,62000,65000,13298,151,980,3173.8752543770174,76.8263999489136,65367.627100029495,459.4269063016995
1784866731,600,,Aggregated,193.100000,3.300000,980,1600,2300,3100,6600,16000,32000,42000,52000,62000,65000,13521,153,980,3153.095367399238,76.8263999489136,65367.627100029495,459.74632053842174
1784866732,600,,Aggregated,191.300000,3.600000,980,1600,2300,3100,6600,16000,32000,42000,52000,62000,65000,13712,154,980,3144.3364634047084,76.8263999489136,65367.627100029495,459.1955950991832
1784866733,600,,Aggregated,193.700000,3.300000,980,1600,2300,3100,6600,16000,32000,42000,52000,62000,65000,13913,156,980,3133.9749142604082,76.8263999489136,65367.627100029495,460.38417307554084
1784866734,600,,Aggregated,193.200000,3.100000,980,1600,2300,3000,6500,16000,32000,42000,52000,62000,65000,14098,159,980,3119.791409930869,76.8263999489136,65367.627100029495,459.67435097176906
1784866735,600,,Aggregated,192.400000,2.900000,980,1600,2300,3000,6500,16000,31000,42000,52000,62000,65000,14308,165,980,3117.2650343657874,76.8263999489136,65367.627100029495,459.65480849874194
1784866736,600,,Aggregated,191.700000,2.700000,980,1600,2300,3000,6500,15000,31000,42000,52000,62000,65000,14490,166,980,3100.391025017628,76.8263999489136,65367.627100029495,459.3794340924776
1784866737,600,,Aggregated,189.200000,2.900000,980,1600,2300,3000,6400,15000,31000,42000,52000,62000,65000,14676,168,980,3090.4831919940825,76.8263999489136,65367.627100029495,458.98800763150723
1784866738,600,,Aggregated,191.900000,3.200000,980,1600,2300,3000,6400,15000,31000,42000,52000,62000,65000,14862,172,980,3084.310480332711,76.8263999489136,65367.627100029495,458.7719014937424
1784866739,600,,Aggregated,192.200000,2.900000,980,1600,2300,3000,6400,15000,31000,42000,52000,62000,65000,15059,174,980,3075.80463656981,76.8263999489136,65367.627100029495,458.20247028355135
1784866740,600,,Aggregated,192.900000,3.100000,980,1500,2300,3000,6400,15000,31000,41000,52000,62000,65000,15260,176,970,3069.685939462931,76.8263999489136,65367.627100029495,457.5483617300131
1784866741,600,,Aggregated,191.100000,2.900000,970,1500,2300,3000,6300,15000,30000,41000,52000,62000,65000,15452,178,970,3059.2005181985646,76.8263999489136,65367.627100029495,457.1506601087238
1784866742,600,,Aggregated,192.100000,2.600000,970,1500,2200,3000,6300,15000,30000,41000,52000,62000,65000,15627,178,970,3049.053832719323,76.8263999489136,65367.627100029495,456.4001407819799
1784866743,600,,Aggregated,190.900000,2.400000,970,1500,2200,3000,6200,15000,30000,41000,52000,62000,65000,15821,179,970,3036.202828658414,76.8263999489136,65367.627100029495,456.56052082674927
1784866744,600,,Aggregated,188.500000,2.500000,970,1500,2200,3000,6200,15000,30000,41000,52000,62000,65000,16023,181,970,3029.921391568678,76.8263999489136,65367.627100029495,456.60637833114896
1784866745,600,,Aggregated,189.600000,2.400000,970,1500,2200,2900,6200,15000,30000,41000,52000,62000,65000,16204,183,970,3018.8346970936445,76.8263999489136,65367.627100029495,457.2372870896075
1784866746,600,,Aggregated,189.800000,2.500000,970,1500,2200,2900,6200,15000,30000,41000,53000,65000,66000,16403,187,970,3015.9861012440065,76.8263999489136,66439.54880000092,457.90989453148813
1784866747,600,,Aggregated,191.900000,2.000000,970,1500,2200,2900,6200,15000,30000,41000,53000,65000,66000,16599,188,970,3010.6127785833805,76.8263999489136,66439.54880000092,457.7872763419483
1784866748,600,,Aggregated,189.000000,1.900000,970,1500,2200,2900,6100,14000,29000,41000,53000,65000,66000,16801,190,970,3002.52323627196,76.8263999489136,66439.54880000092,457.4992559966669
1784866749,600,,Aggregated,190.100000,2.100000,970,1500,2200,2900,6100,14000,29000,41000,53000,65000,66000,16989,195,970,3000.2096519280303,76.8263999489136,66439.54880000092,456.492200835835
1784866750,600,,Aggregated,190.100000,1.600000,970,1500,2200,2900,6100,14000,29000,41000,53000,66000,69000,17187,196,970,2997.967237749769,76.8263999489136,68677.48099996243,456.21207889684064
1784866751,600,,Aggregated,190.900000,1.700000,970,1500,2200,2900,6100,14000,29000,41000,53000,66000,69000,17367,199,970,2991.688788823954,76.8263999489136,68677.48099996243,456.54920251050845
1784866752,600,,Aggregated,192.100000,2.000000,970,1500,2200,2900,6100,14000,29000,41000,53000,66000,69000,17561,202,970,2982.6605659817887,76.8263999489136,68677.48099996243,456.38500085416547
1784866753,600,,Aggregated,190.700000,2.100000,970,1500,2200,2900,6100,14000,29000,41000,53000,66000,69000,17760,204,970,2970.2845501918455,76.8263999489136,68677.48099996243,456.3893018018018
1784866754,600,,Aggregated,192.500000,2.200000,970,1500,2200,2900,6100,14000,29000,41000,53000,66000,69000,17941,207,970,2967.192343409346,76.8263999489136,68677.48099996243,456.48525723203835
1784866755,600,,Aggregated,192.800000,2.400000,970,1500,2200,2900,6000,14000,29000,41000,53000,66000,69000,18142,213,970,2961.868145723027,76.8263999489136,68677.48099996243,456.18305589240435
1784866756,600,,Aggregated,191.400000,2.500000,970,1500,2200,2900,6000,14000,29000,41000,53000,66000,69000,18338,215,970,2954.6412049136734,76.8263999489136,68677.48099996243,456.4000981568328
1784866757,600,,Aggregated,192.200000,2.800000,970,1500,2200,2900,6000,14000,29000,41000,53000,66000,69000,18538,218,970,2947.2975382569066,76.8263999489136,68677.48099996243,456.67644837630814
1784866758,600,,Aggregated,193.600000,2.900000,970,1500,2200,2800,6000,14000,28000,41000,53000,66000,69000,18722,220,970,2938.7500040277005,76.8263999489136,68677.48099996243,457.1937827155218
1784866759,600,,Aggregated,192.800000,2.800000,970,1500,2200,2800,5900,14000,28000,41000,53000,66000,69000,18933,222,970,2934.301079285234,76.8263999489136,68677.48099996243,456.9635556964031
1784866760,600,,Aggregated,193.300000,3.000000,970,1500,2200,2800,5900,14000,28000,41000,53000,66000,69000,19118,227,970,2931.4164081759272,76.8263999489136,68677.48099996243,457.01271053457475
1784866761,600,,Aggregated,192.700000,2.900000,970,1500,2200,2800,5900,14000,28000,41000,53000,66000,69000,19320,230,970,2926.8735956370047,76.8263999489136,68677.48099996243,457.1645962732919
1784866762,600,,Aggregated,192.800000,2.900000,970,1500,2200,2800,5900,13000,28000,40000,53000,66000,69000,19506,232,970,2918.9421014819336,76.8263999489136,68677.48099996243,457.13872654567825
1784866763,600,,Aggregated,193.100000,2.900000,960,1500,2200,2800,5900,13000,28000,41000,53000,69000,78000,19690,236,960,2918.8742938754162,76.8263999489136,78339.00700003142,457.26764855256476
1784866764,600,,Aggregated,193.500000,3.000000,960,1500,2200,2800,5900,13000,28000,40000,53000,69000,78000,19898,240,960,2911.3445920899976,76.8263999489136,78339.00700003142,456.92119811036287
1784866765,600,,Aggregated,192.400000,3.100000,960,1500,2100,2800,5900,13000,28000,40000,53000,66000,78000,20086,245,960,2908.6969412927588,76.8263999489136,78339.00700003142,456.91521457731756
1784866766,600,,Aggregated,193.600000,3.000000,960,1500,2100,2800,5900,13000,28000,40000,53000,69000,78000,20276,250,960,2910.006759124404,76.8263999489136,78339.00700003142,456.81860327480763
1784866767,600,,Aggregated,193.500000,3.200000,960,1500,2100,2800,5900,13000,28000,40000,53000,69000,78000,20459,254,960,2907.1684967010397,76.8263999489136,78339.00700003142,456.56801407693433
1784866768,600,,Aggregated,193.100000,3.200000,960,1500,2100,2800,5900,13000,28000,40000,53000,69000,78000,20645,254,960,2900.194357728567,76.8263999489136,78339.00700003142,456.4232017437636
1784866769,600,,Aggregated,193.000000,3.700000,960,1500,2100,2800,5800,13000,27000,40000,53000,69000,78000,20832,255,960,2893.913279819825,76.8263999489136,78339.00700003142,456.1052707373272
1784866770,600,,Aggregated,191.000000,3.600000,960,1500,2100,2800,5800,13000,27000,40000,53000,69000,78000,21040,261,960,2890.8720297579634,76.8263999489136,78339.00700003142,456.05622623574146
1784866771,600,,Aggregated,191.000000,3.400000,960,1500,2100,2800,5800,13000,27000,40000,53000,69000,78000,21231,264,960,2887.6875491784513,76.8263999489136,78339.00700003142,455.78159295369977
1784866772,600,,Aggregated,190.400000,3.300000,960,1500,2100,2800,5800,13000,27000,40000,53000,69000,78000,21436,269,960,2885.619833420777,76.8263999489136,78339.00700003142,455.3551502145923
1784866773,600,,Aggregated,192.000000,3.600000,960,1500,2100,2800,5800,13000,27000,40000,53000,69000,78000,21624,271,960,2876.964620639465,76.8263999489136,78339.00700003142,455.5233536810951
1784866774,600,,Aggregated,191.600000,3.500000,960,1500,2100,2800,5800,13000,27000,39000,53000,69000,78000,21814,273,960,2868.1384724904965,76.8263999489136,78339.00700003142,455.91477949940406
1784866775,600,,Aggregated,192.100000,3.800000,960,1500,2100,2800,5800,13000,27000,39000,53000,69000,78000,22010,275,960,2866.016688532851,76.8263999489136,78339.00700003142,456.27228532485236
1784866776,600,,Aggregated,191.800000,3.600000,960,1500,2100,2800,5800,13000,27000,39000,53000,77000,95000,22195,277,960,2862.1573220098066,76.8263999489136,94990.41939998278,455.9233160621762
1784866777,600,,Aggregated,190.900000,3.300000,960,1500,2100,2800,5800,13000,27000,39000,53000,77000,95000,22397,279,960,2858.1918662815337,76.8263999489136,94990.41939998278,456.0404518462294
1784866778,600,,Aggregated,190.500000,2.900000,960,1500,2100,2800,5800,13000,27000,39000,53000,77000,95000,22590,284,960,2851.41874706983,76.8263999489136,94990.41939998278,455.58627711376715
1784866779,600,,Aggregated,190.500000,2.400000,960,1500,2100,2800,5800,13000,26000,39000,54000,78000,95000,22776,287,960,2854.603057082348,76.8263999489136,94990.41939998278,455.84207060063227
1784866780,600,,Aggregated,193.100000,2.500000,960,1500,2100,2800,5700,13000,26000,39000,54000,78000,95000,22965,290,960,2852.7911488572763,76.8263999489136,94990.41939998278,455.6444589592859
1784866781,600,,Aggregated,192.800000,3.100000,960,1500,2100,2800,5700,13000,26000,39000,54000,78000,95000,23151,294,960,2852.862085901583,76.8263999489136,94990.41939998278,455.40585719839316
1784866782,600,,Aggregated,192.500000,3.200000,960,1500,2100,2800,5700,13000,26000,39000,54000,78000,95000,23350,299,960,2851.2399960388752,76.8263999489136,94990.41939998278,455.6712205567452
1784866783,600,,Aggregated,190.600000,2.900000,960,1500,2100,2800,5700,12000,26000,39000,54000,78000,95000,23542,300,960,2845.06999490306,76.8263999489136,94990.41939998278,455.8151389006881
1784866784,600,,Aggregated,191.000000,3.000000,960,1500,2100,2800,5700,12000,26000,39000,54000,78000,95000,23732,302,960,2838.561844686849,76.8263999489136,94990.41939998278,455.7903252991741
1784866785,600,,Aggregated,191.100000,2.900000,960,1500,2100,2700,5700,12000,26000,39000,54000,78000,95000,23918,304,960,2832.6368189484215,76.8263999489136,94990.41939998278,455.79312651559496
1784866786,600,,Aggregated,191.500000,2.800000,960,1500,2100,2700,5700,12000,26000,39000,54000,78000,95000,24128,308,960,2830.963673035833,76.8263999489136,94990.41939998278,454.9089854111406
1784866787,600,,Aggregated,190.500000,2.800000,960,1500,2100,2700,5700,12000,26000,39000,54000,78000,95000,24313,309,960,2826.758561819136,76.8263999489136,94990.41939998278,454.7590178094024
1784866788,600,,Aggregated,189.300000,3.100000,960,1500,2100,2700,5700,12000,26000,39000,55000,89000,95000,24504,310,960,2827.3288817298703,76.8263999489136,94990.41939998278,454.9096474045054
1784866789,600,,Aggregated,191.400000,3.100000,960,1500,2100,2700,5700,12000,26000,39000,55000,89000,95000,24672,314,960,2823.3366975279055,76.8263999489136,94990.41939998278,454.6952010376135
1784866790,600,,Aggregated,189.400000,3.000000,960,1500,2100,2700,5600,12000,26000,39000,57000,89000,95000,24886,317,960,2823.742310773439,76.8263999489136,94990.41939998278,454.2805191674034
1784866791,600,,Aggregated,190.000000,2.500000,960,1500,2100,2700,5600,12000,26000,39000,58000,89000,95000,25077,321,960,2822.6312458989246,76.8263999489136,94990.41939998278,454.3041033616461
1784866792,600,,Aggregated,189.600000,2.500000,960,1500,2100,2700,5600,12000,26000,39000,58000,89000,95000,25260,324,960,2817.410559834022,76.8263999489136,94990.41939998278,454.5611243072051
1784866793,600,,Aggregated,191.000000,2.500000,960,1500,2100,2700,5600,12000,26000,39000,58000,89000,95000,25464,326,960,2813.1247235747387,76.8263999489136,94990.41939998278,454.66313226515865
1784866794,600,,Aggregated,191.400000,2.800000,960,1500,2100,2700,5600,12000,25000,39000,59000,89000,95000,25660,328,960,2808.4031980127534,76.8263999489136,94990.41939998278,454.90194855806703
1784866795,600,,Aggregated,189.300000,2.500000,960,1500,2100,2700,5600,12000,25000,39000,59000,89000,95000,25851,330,960,2802.60897766458,76.8263999489136,94990.41939998278,455.0118370662644
1784866796,600,,Aggregated,190.200000,2.600000,960,1500,2100,2700,5600,12000,25000,39000,61000,90000,100000,26051,336,960,2805.8356114393573,76.8263999489136,100218.93400000408,455.0030708993897
1784866797,600,,Aggregated,192.200000,2.600000,960,1500,2100,2700,5600,12000,25000,39000,61000,90000,100000,26242,340,960,2801.834282406333,76.8263999489136,100218.93400000408,455.34883011965553
1784866798,600,,Aggregated,193.000000,2.600000,960,1500,2100,2700,5600,12000,25000,39000,61000,90000,100000,26428,344,960,2800.1498945325643,76.8263999489136,100218.93400000408,455.30074163765704
1784866799,600,,Aggregated,191.500000,2.900000,960,1500,2100,2700,5600,12000,25000,39000,61000,90000,100000,26625,350,960,2799.2911827420157,76.8263999489136,100218.93400000408,455.46550234741784
1784866800,600,,Aggregated,192.600000,3.100000,960,1500,2100,2700,5600,12000,25000,39000,61000,90000,100000,26828,355,960,2797.5024805019493,76.8263999489136,100218.93400000408,455.6919263456091
1784866801,600,,Aggregated,191.900000,3.400000,960,1500,2100,2700,5500,12000,25000,39000,61000,90000,100000,27004,356,960,2791.000892967936,76.8263999489136,100218.93400000408,455.83017330765813
1784866802,600,,Aggregated,193.500000,3.700000,960,1500,2100,2700,5500,12000,25000,39000,61000,90000,100000,27205,360,960,2789.8769568170082,76.8263999489136,100218.93400000408,455.48167616247014
1784866803,600,,Aggregated,191.900000,3.800000,960,1500,2100,2700,5500,12000,25000,39000,61000,90000,100000,27409,369,960,2795.412398865595,76.8263999489136,100218.93400000408,455.9784742237951
1784866804,600,,Aggregated,190.900000,3.400000,960,1500,2100,2700,5500,12000,25000,39000,61000,90000,100000,27579,372,960,2793.4176918273856,76.8263999489136,100218.93400000408,455.72533449363647
1784866805,600,,Aggregated,193.600000,3.500000,960,1500,2100,2700,5500,12000,25000,39000,61000,90000,100000,27777,378,960,2791.7636191887877,76.8263999489136,100218.93400000408,455.7635093782626
1784866806,600,,Aggregated,193.900000,4.400000,960,1500,2100,2700,5500,12000,25000,38000,61000,90000,100000,27970,383,960,2791.453271998835,76.8263999489136,100218.93400000408,455.3663568108688
1784866807,600,,Aggregated,190.800000,4.400000,960,1500,2100,2700,5500,12000,25000,38000,62000,95000,123000,28128,386,960,2792.915742900556,76.8263999489136,123267.59730000049,455.3644766780432
1784866808,600,,Aggregated,190.900000,4.600000,960,1500,2100,2700,5500,12000,25000,38000,62000,95000,123000,28346,388,960,2790.0740444580165,76.8263999489136,123267.59730000049,455.70683694348406
1784866809,600,,Aggregated,190.700000,4.600000,960,1500,2100,2700,5500,12000,25000,38000,62000,95000,123000,28545,394,960,2788.2125112421245,76.8263999489136,123267.59730000049,455.8044140830268
1784866810,600,,Aggregated,188.000000,4.600000,960,1500,2100,2700,5500,12000,25000,38000,65000,95000,123000,28741,396,960,2789.6064638393304,76.8263999489136,123267.59730000049,455.9454785846004
1784866811,600,,Aggregated,191.000000,4.400000,960,1500,2100,2700,5500,12000,25000,38000,65000,100000,123000,28932,402,960,2792.545307521301,76.8263999489136,123267.59730000049,455.96509055716854
1784866812,600,,Aggregated,191.300000,4.300000,960,1500,2100,2700,5500,12000,25000,38000,65000,121000,128000,29118,404,960,2794.7998319289195,76.8263999489136,128289.61949999211,456.02362799642833
1784866813,600,,Aggregated,191.300000,4.200000,960,1500,2100,2700,5500,12000,25000,38000,65000,121000,128000,29306,405,960,2791.6366778409456,76.8263999489136,128289.61949999211,455.89739302531905
1784866814,600,,Aggregated,191.700000,4.500000,960,1500,2100,2700,5500,12000,25000,38000,65000,121000,128000,29504,409,960,2788.873251250886,76.8263999489136,128289.61949999211,455.64991187635576
1784866815,600,,Aggregated,190.100000,4.400000,960,1500,2100,2700,5500,12000,24000,38000,65000,121000,128000,29704,410,960,2784.846084588154,76.8263999489136,128289.61949999211,455.96337193643956
1784866817,600,,Aggregated,191.200000,3.700000,960,1500,2100,2700,5500,12000,24000,38000,65000,121000,128000,29892,410,960,2775.6739458519437,76.8263999489136,128289.61949999211,456.03967616753647
1784866818,600,,Aggregated,191.700000,3.200000,960,1500,2100,2700,5500,12000,24000,38000,65000,100000,128000,30090,415,960,2771.4049236991277,76.8263999489136,128289.61949999211,455.9336989032901
1784866819,600,,Aggregated,191.300000,2.700000,960,1500,2100,2700,5500,12000,24000,38000,65000,113000,128000,30280,417,960,2771.4464980814773,76.8263999489136,128289.61949999211,455.95075957727875
1784866820,600,,Aggregated,194.000000,2.800000,960,1500,2100,2700,5500,12000,24000,38000,69000,113000,128000,30475,421,960,2773.697918395661,76.8263999489136,128289.61949999211,455.788679245283
1784866821,600,,Aggregated,191.500000,2.900000,960,1500,2100,2700,5500,12000,24000,38000,69000,113000,128000,30667,425,960,2770.1918295629666,76.8263999489136,128289.61949999211,455.2939641960414
1784866822,600,,Aggregated,190.800000,2.700000,960,1500,2100,2700,5500,12000,24000,38000,69000,121000,129000,30869,430,960,2775.4767643755126,76.8263999489136,128573.5259000212,455.48436943211635
1784866823,600,,Aggregated,191.200000,2.700000,960,1500,2100,2700,5500,12000,24000,38000,69000,121000,129000,31051,433,960,2770.955494583358,76.8263999489136,128573.5259000212,455.7022962223439
1784866824,600,,Aggregated,192.300000,2.800000,960,1500,2100,2700,5500,12000,24000,38000,69000,121000,129000,31246,433,960,2767.5360934298074,76.8263999489136,128573.5259000212,455.64107405747933
1784866825,600,,Aggregated,191.500000,2.900000,960,1500,2100,2700,5500,12000,24000,38000,69000,123000,137000,31445,440,960,2769.966314921546,76.8263999489136,136567.02680001035,455.67807282556845
1784866826,600,,Aggregated,192.600000,2.800000,960,1500,2100,2700,5500,12000,24000,38000,69000,123000,137000,31628,442,960,2764.2289025012165,76.8263999489136,136567.02680001035,455.61603642342226
1784866827,600,,Aggregated,193.000000,3.000000,960,1500,2100,2700,5500,12000,24000,38000,69000,123000,137000,31820,445,960,2761.1184741454695,76.8263999489136,136567.02680001035,455.5562225015713
1784866828,600,,Aggregated,191.400000,3.200000,960,1500,2100,2700,5500,11000,24000,38000,69000,123000,137000,32011,449,960,2759.247946852926,76.8263999489136,136567.02680001035,455.50648214676204
1784866829,600,,Aggregated,191.600000,3.500000,960,1500,2100,2600,5500,11000,24000,38000,69000,123000,137000,32197,453,960,2765.040427294751,76.8263999489136,136567.02680001035,455.4955430630183
1784866830,600,,Aggregated,191.000000,3.500000,960,1500,2100,2600,5500,12000,24000,38000,71000,123000,137000,32393,458,960,2773.601432291204,76.8263999489136,136567.02680001035,454.99178834933474
1784866831,600,,Aggregated,190.600000,3.500000,960,1500,2100,2600,5500,12000,24000,38000,71000,123000,137000,32601,465,960,2775.3080831510874,76.8263999489136,136567.02680001035,454.98628876414836
1784866832,600,,Aggregated,188.800000,3.700000,960,1500,2100,2600,5500,11000,24000,38000,71000,123000,137000,32796,467,960,2772.6819392916545,76.8263999489136,136567.02680001035,454.9838090010977
1784866833,600,,Aggregated,192.600000,4.000000,960,1500,2100,2600,5500,12000,24000,38000,74000,128000,170000,32989,472,960,2779.136447876831,76.8263999489136,170201.9086999935,455.15920458334597
1784866834,600,,Aggregated,191.900000,3.700000,960,1500,2100,2600,5500,12000,24000,38000,73000,128000,170000,33187,479,960,2778.3306119175754,76.8263999489136,170201.9086999935,454.8773314852201
1784866835,600,,Aggregated,193.500000,3.900000,960,1500,2100,2600,5500,12000,24000,38000,73000,128000,170000,33384,483,960,2773.181231805913,76.8263999489136,170201.9086999935,454.7658459142104
1784866836,600,,Aggregated,193.100000,4.600000,960,1500,2100,2600,5500,11000,24000,38000,74000,128000,170000,33567,484,960,2771.1527532191835,76.8263999489136,170201.9086999935,454.9197426043435
1784866837,600,,Aggregated,192.800000,4.400000,960,1500,2100,2600,5500,11000,24000,38000,74000,128000,170000,33761,485,960,2767.0442229912796,76.8263999489136,170201.9086999935,455.36838363792543
1784866838,500,,Aggregated,192.500000,4.100000,960,1500,2100,2600,5500,11000,24000,38000,75000,128000,170000,33938,487,960,2767.7574079235387,76.8263999489136,170201.9086999935,455.588985797631
1784866839,400,,Aggregated,192.800000,4.000000,960,1500,2100,2600,5500,11000,24000,38000,75000,128000,170000,34089,490,960,2766.2429428674527,76.8263999489136,170201.9086999935,455.35999882660093
1784866840,300,,Aggregated,191.700000,3.800000,960,1500,2100,2600,5400,11000,24000,38000,75000,128000,170000,34236,492,960,2762.6918967463707,76.8263999489136,170201.9086999935,455.3961911438252
1784866841,200,,Aggregated,188.800000,3.800000,960,1500,2100,2600,5400,11000,24000,38000,75000,128000,170000,34370,494,960,2758.8967032501837,76.8263999489136,170201.9086999935,455.25225487343613
1784866842,100,,Aggregated,185.400000,3.400000,960,1500,2000,2600,5400,11000,24000,37000,75000,128000,170000,34472,494,960,2753.6012507777045,76.66159997461364,170201.9086999935,455.1048967277791
1784866843,40,,Aggregated,175.300000,3.000000,960,1500,2000,2600,5400,11000,24000,38000,76000,128000,170000,34517,494,960,2754.911112411539,76.66159997461364,170201.9086999935,455.11269809079585
1784866844,40,,Aggregated,167.700000,2.700000,960,1500,2000,2600,5400,11000,24000,38000,76000,128000,170000,34550,494,960,2752.372422081304,73.87120003113523,170201.9086999935,455.12196816208393
1784866845,40,,Aggregated,153.200000,2.200000,950,1500,2000,2600,5400,11000,24000,38000,76000,128000,170000,34581,494,950,2749.9879374630304,73.87120003113523,170201.9086999935,455.2456840461525
1784866846,40,,Aggregated,137.200000,1.500000,950,1500,2000,2600,5400,11000,24000,37000,76000,128000,170000,34613,494,950,2748.011861901859,73.87120003113523,170201.9086999935,455.2233264958253
1784866847,40,,Aggregated,120.700000,1.100000,950,1500,2000,2600,5400,11000,24000,37000,76000,128000,170000,34645,494,950,2745.5596765914047,73.87120003113523,170201.9086999935,455.2817722615096
1784866848,40,,Aggregated,105.700000,1.100000,950,1500,2000,2600,5400,11000,24000,37000,76000,128000,170000,34678,494,950,2743.0343275278074,73.87120003113523,170201.9086999935,455.18282484572353
1784866849,40,,Aggregated,89.800000,0.900000,950,1500,2000,2600,5400,11000,24000,37000,76000,128000,170000,34709,494,950,2740.6666736324737,73.87120003113523,170201.9086999935,455.3658417125241
1784866850,40,,Aggregated,75.000000,0.700000,950,1500,2000,2600,5400,11000,24000,37000,76000,128000,170000,34741,494,950,2738.225814228418,73.87120003113523,170201.9086999935,455.2927952563254
1784866851,40,,Aggregated,62.700000,0.400000,950,1500,2000,2600,5400,11000,24000,37000,76000,128000,170000,34776,494,950,2735.879327179935,73.87120003113523,170201.9086999935,455.2996319300667
1784866852,40,,Aggregated,51.600000,0.200000,950,1400,2000,2600,5400,11000,24000,37000,77000,129000,170000,34812,496,950,2738.6800181865274,73.87120003113523,170201.9086999935,455.1867746753993
1784866853,40,,Aggregated,42.400000,0.000000,950,1400,2000,2600,5400,11000,24000,37000,77000,129000,170000,34847,496,950,2736.023158863296,73.87120003113523,170201.9086999935,455.2001893993744
1784866854,40,,Aggregated,34.100000,0.100000,950,1400,2000,2600,5400,11000,24000,37000,77000,129000,170000,34882,496,950,2733.3704389143277,73.87120003113523,170201.9086999935,455.13852416719226
1784866855,40,,Aggregated,32.900000,0.200000,950,1400,2000,2600,5400,11000,24000,37000,77000,129000,170000,34920,497,950,2731.7864671537654,73.87120003113523,170201.9086999935,455.23754295532643
1784866856,40,,Aggregated,33.100000,0.200000,950,1400,2000,2600,5400,11000,24000,37000,77000,129000,170000,34956,497,950,2729.068180304081,73.87120003113523,170201.9086999935,455.1929568600526
1784866857,40,,Aggregated,33.500000,0.200000,950,1400,2000,2600,5400,11000,24000,37000,77000,129000,170000,34993,497,950,2726.280041597162,73.87120003113523,170201.9086999935,455.2157288600577
1784866858,40,,Aggregated,34.100000,0.300000,950,1400,2000,2600,5400,11000,24000,37000,77000,136000,170000,35030,498,950,2727.3950176166,73.87120003113523,170201.9086999935,455.14924350556663
1784866859,40,,Aggregated,34.400000,0.300000,950,1400,2000,2600,5400,11000,24000,37000,77000,136000,170000,35070,498,950,2724.388683553162,73.87120003113523,170201.9086999935,455.121129170231
1784866860,40,,Aggregated,35.000000,0.400000,940,1400,2000,2500,5400,11000,24000,37000,77000,136000,170000,35106,498,940,2721.6913962858,73.87120003113523,170201.9086999935,455.22469093602234
1784866861,40,,Aggregated,35.500000,0.400000,940,1400,2000,2500,5400,11000,24000,37000,77000,136000,170000,35143,498,940,2718.9276986827963,73.87120003113523,170201.9086999935,455.0957800984549
1784866862,40,,Aggregated,36.000000,0.400000,940,1400,2000,2500,5400,11000,24000,37000,77000,136000,170000,35182,498,940,2716.016910849563,73.87120003113523,170201.9086999935,455.2523449491217
1784866863,40,,Aggregated,36.300000,0.400000,940,1400,2000,2500,5400,11000,24000,37000,77000,136000,170000,35219,498,940,2713.2576631565153,73.87120003113523,170201.9086999935,455.22749084301086
1784866864,40,,Aggregated,36.500000,0.300000,940,1400,2000,2500,5400,11000,24000,37000,77000,136000,170000,35257,498,940,2710.4308029982517,73.87120003113523,170201.9086999935,455.22849363247013
1784866865,40,,Aggregated,36.600000,0.200000,940,1400,2000,2500,5300,11000,24000,37000,77000,136000,170000,35294,498,940,2707.684116410976,73.87120003113523,170201.9086999935,455.28299427664757
1784866866,40,,Aggregated,36.900000,0.200000,940,1400,2000,2500,5300,11000,24000,37000,77000,136000,170000,35331,498,940,2704.943416665506,73.87120003113523,170201.9086999935,455.2786221731624
1784866867,40,,Aggregated,37.000000,0.200000,940,1400,2000,2500,5300,11000,23000,37000,77000,136000,170000,35368,498,940,2702.208203678723,73.87120003113523,170201.9086999935,455.33934630174167
1784866868,40,,Aggregated,37.000000,0.100000,940,1400,2000,2500,5300,11000,23000,37000,77000,136000,170000,35405,498,940,2699.479065988108,73.87120003113523,170201.9086999935,455.3145318457845
1784866869,40,,Aggregated,37.100000,0.100000,940,1400,2000,2500,5300,11000,23000,37000,77000,136000,170000,35443,498,940,2696.6814541858475,73.87120003113523,170201.9086999935,455.2657788561916
1784866870,40,,Aggregated,37.000000,0.000000,940,1400,2000,2500,5300,11000,23000,37000,77000,136000,170000,35480,498,940,2693.965122311416,73.87120003113523,170201.9086999935,455.1851183765502
1784866871,40,,Aggregated,37.000000,0.000000,940,1400,2000,2500,5300,11000,23000,37000,77000,136000,170000,35516,498,940,2691.326843465163,72.98009999794886,170201.9086999935,455.3052145511882
1784866872,40,,Aggregated,37.000000,0.000000,940,1400,2000,2500,5300,11000,23000,37000,77000,136000,170000,35554,498,940,2688.5456267651634,72.98009999794886,170201.9086999935,455.2477358384429
1784866873,40,,Aggregated,37.000000,0.000000,940,1400,2000,2500,5300,11000,23000,37000,77000,136000,170000,35591,498,940,2685.844197707529,72.98009999794886,170201.9086999935,455.1736955972015
1784866874,40,,Aggregated,37.000000,0.000000,930,1400,2000,2500,5300,11000,23000,37000,77000,136000,170000,35628,498,930,2683.153037776716,72.98009999794886,170201.9086999935,455.2100033681374
1784866875,40,,Aggregated,37.000000,0.000000,930,1400,2000,2500,5200,11000,23000,37000,77000,136000,170000,35665,498,930,2680.4638209900168,72.98009999794886,170201.9086999935,455.2677695219403
1784866876,40,,Aggregated,37.000000,0.000000,930,1400,2000,2500,5200,11000,23000,37000,77000,136000,170000,35703,498,930,2677.7118261381092,72.98009999794886,170201.9086999935,455.0904685880738
1784866877,40,,Aggregated,37.000000,0.000000,930,1400,2000,2500,5200,11000,23000,37000,77000,136000,170000,35739,498,930,2675.1117230003374,72.98009999794886,170201.9086999935,455.2301127619687
1784866878,40,,Aggregated,37.000000,0.000000,930,1400,2000,2500,5200,11000,23000,37000,77000,136000,170000,35777,498,930,2672.387058051516,72.98009999794886,170201.9086999935,455.2071163037706
1784866879,40,,Aggregated,37.000000,0.000000,930,1400,2000,2500,5200,11000,23000,37000,77000,136000,170000,35814,498,930,2669.7209840400155,72.98009999794886,170201.9086999935,455.1424024124644
1784866880,40,,Aggregated,37.000000,0.000000,930,1400,2000,2500,5200,11000,23000,37000,77000,136000,170000,35851,498,930,2667.059495570804,72.98009999794886,170201.9086999935,455.0803324872389
1784866881,40,,Aggregated,37.000000,0.000000,930,1400,2000,2500,5200,11000,23000,37000,77000,136000,170000,35888,498,930,2664.402733738553,72.98009999794886,170201.9086999935,455.22715113687025
1784866882,40,,Aggregated,36.900000,0.000000,930,1400,2000,2500,5200,11000,23000,37000,77000,136000,170000,35925,498,930,2661.756544356547,72.98009999794886,170201.9086999935,455.17642310368825
1784866883,40,,Aggregated,37.000000,0.000000,930,1400,2000,2500,5200,11000,23000,37000,77000,136000,170000,35962,498,930,2659.1138532258806,72.98009999794886,170201.9086999935,455.2098882153384
1784866884,40,,Aggregated,37.000000,0.000000,930,1400,2000,2500,5200,11000,23000,37000,77000,136000,170000,35999,498,930,2656.475111289459,72.98009999794886,170201.9086999935,455.22322842301173
1784866885,40,,Aggregated,37.000000,0.000000,930,1400,2000,2500,5200,11000,23000,37000,76000,136000,170000,36036,498,930,2653.8411582697654,72.98009999794886,170201.9086999935,455.1501276501277
1784866886,40,,Aggregated,36.900000,0.000000,930,1400,2000,2500,5200,11000,23000,37000,76000,136000,170000,36074,498,920,2651.142340869021,72.98009999794886,170201.9086999935,455.16493873704053
1784866887,40,,Aggregated,37.000000,0.000000,920,1400,1900,2500,5200,11000,23000,37000,76000,136000,170000,36110,498,920,2648.5892289562175,72.98009999794886,170201.9086999935,455.196842979784
1784866888,40,,Aggregated,36.900000,0.000000,920,1400,1900,2400,5200,11000,23000,37000,76000,136000,170000,36149,498,920,2645.834680168435,72.98009999794886,170201.9086999935,455.210517580016
1784866889,40,,Aggregated,37.000000,0.000000,920,1400,1900,2400,5200,11000,23000,37000,76000,136000,170000,36185,498,920,2643.2954341442237,72.98009999794886,170201.9086999935,455.21611164847315
1784866890,40,,Aggregated,36.900000,0.000000,920,1400,1900,2400,5200,11000,23000,37000,76000,136000,170000,36223,498,920,2640.625981031631,72.98009999794886,170201.9086999935,455.34293128675154
1784866891,40,,Aggregated,37.000000,0.000000,920,1400,1900,2400,5200,11000,23000,37000,76000,136000,170000,36261,498,920,2637.957727955897,72.98009999794886,170201.9086999935,455.2280135682965
1784866892,40,,Aggregated,37.000000,0.000000,920,1400,1900,2400,5200,11000,23000,37000,76000,136000,170000,36297,498,920,2635.428716728895,72.98009999794886,170201.9086999935,455.1017714962669
1784866893,40,,Aggregated,37.000000,0.000000,920,1400,1900,2400,5200,11000,23000,37000,76000,136000,170000,36334,498,920,2632.8396120770817,72.98009999794886,170201.9086999935,455.0206968679474
1784866894,40,,Aggregated,37.000000,0.000000,920,1400,1900,2400,5200,11000,23000,37000,76000,136000,170000,36372,498,920,2630.183292596189,72.98009999794886,170201.9086999935,455.0330473990982
1784866895,40,,Aggregated,36.900000,0.000000,920,1400,1900,2400,5200,11000,23000,37000,76000,136000,170000,36406,498,920,2627.885714170979,72.98009999794886,170201.9086999935,455.161127286711
1784866896,40,,Aggregated,37.100000,0.000000,920,1400,1900,2400,5200,11000,23000,37000,76000,136000,170000,36443,498,920,2625.374433076554,72.98009999794886,170201.9086999935,455.2920176714321
1784866897,40,,Aggregated,36.600000,0.000000,920,1400,1900,2400,5200,11000,23000,37000,76000,136000,170000,36482,498,920,2622.7267250811005,72.98009999794886,170201.9086999935,455.2114467408585
1784866898,240,,Aggregated,36.700000,0.000000,910,1400,1900,2400,5200,11000,23000,37000,77000,137000,195000,36544,499,910,2624.350509399858,72.98009999794886,194599.5222000056,455.20553305604204
1784866899,440,,Aggregated,36.700000,0.000000,910,1400,1900,2400,5100,11000,23000,37000,77000,137000,195000,36632,499,910,2619.2689537592382,72.98009999794886,194599.5222000056,455.1764850404018
1784866900,600,,Aggregated,36.400000,0.000000,910,1400,1900,2400,5100,11000,23000,36000,77000,137000,195000,36753,499,910,2613.328285946949,72.98009999794886,194599.5222000056,455.31221941066036
1784866901,600,,Aggregated,40.900000,0.100000,910,1400,1900,2400,5100,11000,23000,36000,77000,137000,195000,36930,499,910,2604.7152009506826,72.98009999794886,194599.5222000056,455.3557270511779
1784866902,600,,Aggregated,46.800000,0.100000,910,1400,1900,2400,5100,11000,23000,36000,76000,137000,195000,37075,499,910,2597.7844833879744,72.98009999794886,194599.5222000056,455.52814565070804
1784866903,600,,Aggregated,58.200000,0.100000,910,1400,1900,2400,5100,11000,23000,36000,76000,137000,195000,37221,499,910,2592.0621789691063,72.98009999794886,194599.5222000056,455.61210069584376
1784866904,600,,Aggregated,70.300000,0.100000,900,1400,1900,2400,5100,11000,23000,36000,76000,137000,195000,37407,499,900,2584.1238940361195,72.98009999794886,194599.5222000056,455.53693159034407
1784866905,600,,Aggregated,81.900000,0.100000,900,1400,1900,2400,5000,11000,23000,36000,76000,137000,195000,37580,499,900,2577.5387144600536,72.98009999794886,194599.5222000056,455.8084885577435
1784866906,600,,Aggregated,94.600000,0.100000,900,1400,1900,2400,5000,11000,23000,36000,76000,137000,195000,37753,499,900,2571.3710178001343,72.98009999794886,194599.5222000056,455.985537573173
1784866907,600,,Aggregated,108.800000,0.100000,900,1400,1900,2400,5000,11000,23000,36000,76000,137000,195000,37926,499,900,2566.218862490327,72.98009999794886,194599.5222000056,455.9479249063967
1784866908,600,,Aggregated,122.500000,0.100000,900,1400,1900,2400,5000,10000,22000,36000,75000,137000,195000,38105,499,900,2562.432630605125,72.98009999794886,194599.5222000056,456.1805012465556
1784866909,600,,Aggregated,135.000000,0.100000,900,1400,1900,2400,5000,10000,22000,36000,75000,137000,195000,38286,499,900,2559.708522768325,72.98009999794886,194599.5222000056,456.1106148461579
1784866910,600,,Aggregated,149.600000,0.100000,900,1400,1900,2400,5000,11000,22000,36000,75000,137000,195000,38467,499,900,2558.0600100322035,72.98009999794886,194599.5222000056,456.0671744612265
1784866911,600,,Aggregated,158.500000,0.000000,900,1400,1900,2400,5000,11000,22000,36000,75000,137000,195000,38664,499,900,2554.7427302686783,72.98009999794886,194599.5222000056,456.10487792261534
1784866912,600,,Aggregated,167.100000,0.000000,900,1400,1900,2400,5000,11000,22000,36000,75000,137000,195000,38857,499,900,2549.673593954966,72.98009999794886,194599.5222000056,456.0974341817433
1784866913,600,,Aggregated,170.400000,0.000000,900,1400,1900,2400,5000,10000,22000,36000,74000,137000,195000,39041,499,900,2545.035836323541,72.98009999794886,194599.5222000056,456.30255372557053
1784866914,600,,Aggregated,174.500000,0.000000,900,1400,1900,2400,5000,10000,22000,36000,74000,137000,195000,39208,499,900,2542.8311814860967,72.98009999794886,194599.5222000056,456.25584064476635
1784866915,600,,Aggregated,177.800000,0.000000,900,1400,1900,2400,5000,11000,22000,36000,74000,137000,195000,39376,503,900,2543.233217767347,72.98009999794886,194599.5222000056,455.98737809833403
1784866916,600,,Aggregated,179.400000,0.000000,900,1400,1900,2400,5000,11000,22000,36000,74000,137000,195000,39573,506,900,2544.621045538793,72.98009999794886,194599.5222000056,456.4298132565133
1784866917,600,,Aggregated,178.600000,0.000000,900,1400,1900,2400,5000,11000,22000,36000,74000,137000,195000,39766,509,900,2545.115970399504,72.98009999794886,194599.5222000056,456.10690036714783
1784866918,600,,Aggregated,179.700000,0.500000,910,1400,1900,2400,5000,11000,22000,35000,74000,137000,195000,39944,511,910,2544.7627422918804,72.98009999794886,194599.5222000056,456.267499499299
1784866919,600,,Aggregated,182.800000,0.800000,910,1400,1900,2400,5000,11000,22000,35000,74000,136000,195000,40138,511,910,2544.340871615596,72.98009999794886,194599.5222000056,456.2057152822762
1784866920,600,,Aggregated,184.000000,1.200000,910,1400,1900,2400,5000,11000,22000,35000,74000,136000,195000,40318,513,910,2546.395176452386,72.98009999794886,194599.5222000056,456.1519668634357
1784866921,600,,Aggregated,184.300000,1.200000,910,1400,1900,2400,5000,11000,22000,35000,74000,136000,195000,40497,520,910,2553.2760872486183,72.98009999794886,194599.5222000056,456.03592858730275
1784866922,600,,Aggregated,184.100000,1.200000,910,1400,1900,2400,5100,11000,22000,35000,74000,136000,195000,40679,521,910,2562.732290115466,72.98009999794886,194599.5222000056,456.2247351213157
1784866923,600,,Aggregated,184.900000,1.500000,910,1400,1900,2400,5100,11000,23000,35000,74000,136000,195000,40868,523,910,2569.9305703559517,72.98009999794886,194599.5222000056,456.08566604678475
1784866924,600,,Aggregated,181.900000,2.200000,910,1400,1900,2400,5100,11000,23000,35000,73000,136000,195000,41062,523,910,2574.842484767116,72.98009999794886,194599.5222000056,456.34925235010473
1784866925,600,,Aggregated,182.100000,2.400000,910,1400,1900,2400,5100,11000,23000,35000,73000,136000,195000,41252,523,910,2575.720135149984,72.98009999794886,194599.5222000056,456.60654028895567
1784866926,600,,Aggregated,182.800000,2.400000,910,1400,1900,2400,5100,11000,23000,35000,73000,136000,195000,41452,527,910,2575.5678453876058,72.98009999794886,194599.5222000056,456.73649039853325
1784866927,600,,Aggregated,185.300000,2.400000,910,1400,1900,2400,5100,11000,23000,35000,73000,136000,195000,41624,529,910,2575.4021498752327,72.98009999794886,194599.5222000056,456.7765471843167
1784866928,600,,Aggregated,185.700000,2.000000,910,1400,1900,2400,5100,11000,23000,34000,73000,136000,195000,41826,533,910,2578.81993564785,72.98009999794886,194599.5222000056,456.66845980968776
1784866929,600,,Aggregated,185.800000,2.000000,910,1400,1900,2400,5100,11000,23000,34000,71000,136000,195000,42007,538,910,2580.7351197325893,72.98009999794886,194599.5222000056,456.59706715547406
1784866930,600,,Aggregated,185.900000,1.800000,920,1400,1900,2400,5100,11000,23000,34000,71000,136000,195000,42199,541,920,2585.2040856728063,72.98009999794886,194599.5222000056,456.7400175359606
1784866931,600,,Aggregated,186.300000,2.200000,920,1400,1900,2400,5100,11000,23000,34000,71000,136000,195000,42400,546,920,2588.747820497802,72.98009999794886,194599.5222000056,456.7407075471698
1784866932,600,,Aggregated,186.400000,2.900000,920,1400,1900,2400,5100,11000,23000,34000,71000,136000,195000,42566,547,920,2588.966718604212,72.98009999794886,194599.5222000056,456.8440304468355
1784866933,600,,Aggregated,187.300000,3.000000,920,1400,1900,2400,5100,11000,23000,34000,71000,136000,195000,42607,550,920,2591.6642213933605,72.98009999794886,194599.5222000056,456.9309503133288
1784866934,600,,Aggregated,189.400000,2.500000,920,1400,1900,2400,5100,11000,23000,34000,71000,136000,195000,42835,552,920,2597.1129604343773,72.98009999794886,194599.5222000056,456.71345862028716
1784866938,600,,Aggregated,174.100000,3.300000,920,1400,1900,2500,5200,11000,23000,34000,70000,136000,195000,43159,560,920,2614.909499826373,72.98009999794886,194599.5222000056,456.9955049931648
1784866939,600,,Aggregated,154.600000,3.000000,930,1400,2000,2600,5300,11000,23000,35000,70000,136000,195000,43618,577,930,2658.1516125339717,72.98009999794886,194599.5222000056,457.0138704204686
1784866940,600,,Aggregated,135.400000,2.800000,930,1400,2000,2600,5300,11000,23000,35000,70000,136000,195000,43771,578,930,2656.1442559116003,72.98009999794886,194599.5222000056,456.98496721573645
1784866941,600,,Aggregated,145.600000,3.100000,930,1400,2000,2500,5200,11000,23000,35000,70000,136000,195000,43937,581,930,2655.813966911865,72.98009999794886,194599.5222000056,456.93675034708787
1784866942,600,,Aggregated,160.300000,3.700000,930,1400,2000,2600,5200,11000,23000,35000,70000,136000,195000,44133,586,930,2656.725500489552,72.98009999794886,194599.5222000056,456.68332087100356
1784866943,600,,Aggregated,156.600000,3.500000,930,1400,2000,2600,5200,11000,23000,35000,70000,136000,195000,44327,594,930,2659.0826892279206,72.98009999794886,194599.5222000056,456.7213436505967
1784866944,600,,Aggregated,152.900000,3.500000,930,1400,2000,2600,5200,11000,23000,35000,70000,136000,195000,44526,602,930,2660.0247368392797,72.98009999794886,194599.5222000056,456.4707361990747
1784866945,600,,Aggregated,160.800000,4.100000,940,1400,2000,2600,5200,11000,23000,35000,70000,136000,195000,44723,610,940,2661.323000787188,72.98009999794886,194599.5222000056,456.4643024841804
1784866946,600,,Aggregated,171.700000,4.700000,940,1400,2000,2600,5200,11000,23000,35000,70000,136000,195000,44913,612,940,2658.447928348264,72.98009999794886,194599.5222000056,456.5609734375348
1784866947,600,,Aggregated,168.200000,5.200000,940,1400,2000,2600,5200,11000,23000,35000,69000,136000,195000,45112,616,940,2657.7517576499645,72.98009999794886,194599.5222000056,456.4023319737542
1784866948,600,,Aggregated,171.400000,5.300000,940,1400,2000,2600,5200,11000,23000,35000,69000,136000,195000,45302,619,940,2655.8595640480694,72.98009999794886,194599.5222000056,456.2501214074434
1784866949,600,,Aggregated,191.100000,5.600000,940,1400,2000,2600,5200,11000,23000,35000,69000,136000,195000,45480,619,940,2653.7792161126904,72.98009999794886,194599.5222000056,456.38014511873354
1784866950,600,,Aggregated,210.400000,5.900000,940,1400,2000,2600,5200,11000,23000,35000,69000,136000,195000,45683,623,940,2654.3990168313176,72.98009999794886,194599.5222000056,456.36902129895145
1784866951,600,,Aggregated,201.500000,5.500000,940,1400,2000,2600,5200,11000,23000,35000,69000,136000,195000,45878,626,940,2653.763824111882,72.98009999794886,194599.5222000056,456.17424473603904
1784866952,600,,Aggregated,187.700000,4.300000,940,1400,2000,2600,5200,11000,23000,35000,69000,136000,195000,46071,628,940,2653.101347118691,72.98009999794886,194599.5222000056,456.1887738490591
1784866953,600,,Aggregated,191.400000,4.600000,940,1400,2000,2600,5200,11000,23000,35000,69000,136000,195000,46260,630,940,2651.1735779205706,72.98009999794886,194599.5222000056,455.9987462170342
1784866954,600,,Aggregated,194.900000,4.500000,940,1400,2000,2600,5200,11000,23000,35000,69000,136000,195000,46458,630,940,2647.3238781760906,72.98009999794886,194599.5222000056,456.0169185070386
1784866955,600,,Aggregated,193.400000,4.000000,940,1400,2000,2600,5200,11000,23000,35000,69000,136000,195000,46643,631,940,2644.586309326263,72.98009999794886,194599.5222000056,455.8966189996355
1784866956,600,,Aggregated,192.700000,3.200000,940,1400,2000,2600,5200,11000,23000,34000,69000,136000,195000,46845,631,940,2642.365546598465,72.98009999794886,194599.5222000056,456.0996477745757
1784866957,600,,Aggregated,192.500000,2.500000,940,1400,2000,2600,5200,11000,23000,35000,69000,136000,195000,47036,635,940,2641.4757534293954,72.98009999794886,194599.5222000056,456.4166808402075
1784866958,600,,Aggregated,192.600000,2.100000,940,1400,2000,2600,5200,11000,23000,34000,69000,136000,195000,47236,644,940,2643.317325328243,72.98009999794886,194599.5222000056,456.2399017698366
1784866959,600,,Aggregated,192.300000,1.800000,940,1400,2000,2600,5200,11000,23000,34000,69000,136000,195000,47423,650,940,2641.6219505283307,72.98009999794886,194599.5222000056,455.96944520591273
1784866960,600,,Aggregated,192.200000,1.900000,940,1400,2000,2600,5200,11000,23000,34000,69000,136000,195000,47627,660,940,2644.301845778764,72.98009999794886,194599.5222000056,455.8370462132824
1784866961,600,,Aggregated,193.700000,2.600000,940,1400,2000,2600,5200,11000,23000,34000,69000,136000,195000,47801,669,940,2644.767002267832,72.98009999794886,194599.5222000056,455.6944415388799
1784866962,600,,Aggregated,194.000000,3.300000,940,1400,2000,2600,5200,11000,23000,34000,69000,136000,195000,48009,674,940,2644.1832695412254,72.98009999794886,194599.5222000056,455.88741694265656
1784866963,600,,Aggregated,192.600000,3.500000,940,1400,2000,2600,5200,11000,23000,34000,69000,136000,195000,48203,678,940,2643.787014609143,72.98009999794886,194599.5222000056,455.7541854241437
1784866964,600,,Aggregated,191.400000,4.300000,940,1400,2000,2600,5200,11000,23000,34000,69000,136000,195000,48386,687,940,2642.989916695004,72.98009999794886,194599.5222000056,455.3778572314306
1784866965,600,,Aggregated,191.800000,4.600000,940,1400,2000,2600,5200,11000,23000,34000,69000,136000,195000,48577,695,940,2644.009008767606,72.98009999794886,194599.5222000056,455.5093151079729
1784866966,600,,Aggregated,192.100000,4.800000,940,1400,2000,2600,5200,11000,23000,33000,69000,136000,195000,48766,703,940,2643.6209836792846,72.98009999794886,194599.5222000056,455.3710987163187
1784866967,600,,Aggregated,191.400000,5.700000,940,1400,2000,2600,5300,11000,23000,33000,69000,136000,195000,48972,714,940,2646.135882780048,72.98009999794886,194599.5222000056,455.2411990525198
1784866968,600,,Aggregated,192.900000,6.500000,940,1400,2000,2600,5300,11000,23000,33000,69000,136000,195000,49162,723,940,2647.0933926143107,72.98009999794886,194599.5222000056,455.21152516171026
1784866969,600,,Aggregated,191.800000,7.400000,940,1400,2000,2600,5300,11000,23000,33000,69000,136000,195000,49349,731,940,2647.9563561288783,72.98009999794886,194599.5222000056,455.2614642647267
1784866970,600,,Aggregated,192.700000,7.900000,940,1400,2000,2600,5300,11000,23000,33000,69000,136000,195000,49533,738,940,2649.196804996743,72.98009999794886,194599.5222000056,455.3736902670947
1784866971,600,,Aggregated,191.400000,7.900000,940,1400,2000,2600,5300,11000,23000,33000,69000,136000,195000,49747,745,940,2648.5546272760944,72.98009999794886,194599.5222000056,455.34572939071705
1784866972,600,,Aggregated,189.300000,7.800000,940,1400,2000,2600,5200,11000,23000,33000,69000,136000,195000,49941,751,940,2647.473725356003,72.98009999794886,194599.5222000056,455.3760637552312
1784866973,600,,Aggregated,191.200000,7.900000,940,1400,2000,2600,5300,11000,23000,33000,66000,129000,195000,50131,764,940,2650.4053563923344,72.98009999794886,194599.5222000056,455.18176377889927
1784866974,600,,Aggregated,193.200000,7.600000,940,1400,2000,2600,5300,11000,23000,33000,66000,129000,195000,50317,773,940,2653.5682873721316,72.98009999794886,194599.5222000056,455.05109605103644
1784866975,600,,Aggregated,193.300000,7.900000,950,1400,2000,2600,5300,11000,23000,33000,66000,129000,195000,50501,780,950,2652.9913684185162,72.98009999794886,194599.5222000056,454.8920417417477
1784866976,600,,Aggregated,192.300000,8.600000,950,1400,2000,2600,5300,11000,23000,33000,66000,129000,195000,50717,793,950,2656.7244264290707,72.98009999794886,194599.5222000056,454.93152197488024
1784866977,600,,Aggregated,192.200000,8.600000,950,1400,2000,2600,5300,11000,23000,33000,66000,129000,195000,50909,799,950,2657.263595633455,72.98009999794886,194599.5222000056,454.88011942878467
1784866978,600,,Aggregated,191.400000,8.400000,950,1400,2000,2600,5300,11000,23000,33000,65000,129000,195000,51091,808,950,2658.7088145466573,72.98009999794886,194599.5222000056,454.851793858018
1784866979,600,,Aggregated,193.700000,8.800000,950,1400,2000,2600,5300,11000,23000,33000,65000,129000,195000,51277,811,950,2656.5445831328543,72.98009999794886,194599.5222000056,454.79380618990973
1784866981,600,,Aggregated,192.200000,8.500000,950,1400,2000,2600,5300,11000,23000,33000,65000,129000,195000,51477,824,950,2660.6789493735732,72.98009999794886,194599.5222000056,454.4932882646619
1784866982,600,,Aggregated,190.900000,8.400000,950,1400,2000,2600,5300,11000,23000,33000,65000,129000,195000,51679,838,950,2663.2929452331455,72.98009999794886,194599.5222000056,454.3261866522185
1784866983,600,,Aggregated,191.500000,8.500000,950,1400,2000,2600,5400,11000,23000,33000,65000,129000,195000,51880,845,950,2662.6476353219787,72.98009999794886,194599.5222000056,454.1651696222051
1784866984,600,,Aggregated,192.100000,9.300000,950,1400,2000,2600,5400,11000,23000,33000,65000,129000,195000,52067,855,950,2663.4148040410314,72.98009999794886,194599.5222000056,454.14996062765283
1784866985,600,,Aggregated,191.600000,9.200000,950,1400,2000,2600,5400,11000,23000,33000,65000,129000,195000,52264,865,950,2664.6795286086963,72.98009999794886,194599.5222000056,453.9481287310577
1784866986,600,,Aggregated,192.300000,9.100000,950,1400,2000,2600,5400,11000,23000,33000,65000,129000,195000,52455,872,950,2664.266489404346,72.98009999794886,194599.5222000056,453.8335144409494
1784866987,600,,Aggregated,193.100000,9.100000,950,1400,2000,2600,5400,12000,23000,33000,65000,129000,195000,52652,883,950,2665.3259311271136,72.98009999794886,194599.5222000056,453.9401542201626
1784866988,600,,Aggregated,192.700000,9.100000,950,1400,2000,2600,5400,12000,23000,33000,65000,129000,195000,52844,895,950,2668.3652050621617,72.98009999794886,194599.5222000056,454.0066043448641
1784866989,600,,Aggregated,192.100000,9.000000,950,1400,2000,2600,5400,12000,23000,33000,65000,129000,195000,53031,901,950,2666.958011404746,72.98009999794886,194599.5222000056,454.16069845939165
1784866990,600,,Aggregated,191.900000,9.500000,950,1400,2000,2600,5400,12000,23000,33000,65000,129000,195000,53233,910,950,2669.1727993708014,72.98009999794886,194599.5222000056,454.260195743242
1784866991,600,,Aggregated,191.400000,9.300000,950,1400,2000,2600,5400,12000,23000,33000,65000,129000,195000,53433,921,950,2670.480173398574,72.98009999794886,194599.5222000056,454.20028821140494
1784866992,600,,Aggregated,194.500000,9.700000,950,1400,2000,2600,5400,12000,23000,33000,65000,129000,195000,53618,932,950,2673.4953097748203,72.98009999794886,194599.5222000056,454.0300272296617
1784866993,600,,Aggregated,195.000000,9.700000,950,1400,2000,2600,5400,12000,23000,33000,65000,129000,195000,53799,936,950,2671.327105726976,72.98009999794886,194599.5222000056,454.14444506403464
1784866994,600,,Aggregated,192.800000,9.300000,950,1500,2000,2600,5400,12000,23000,33000,65000,129000,195000,54000,951,950,2673.805963970475,72.98009999794886,194599.5222000056,454.05068518518516
1784866995,600,,Aggregated,191.200000,9.000000,950,1500,2000,2600,5400,12000,23000,33000,65000,129000,195000,54132,955,950,2674.4033180836755,72.98009999794886,194599.5222000056,453.8568868691347
1784866996,600,,Aggregated,192.500000,9.500000,950,1500,2000,2600,5400,12000,23000,33000,65000,129000,195000,54333,963,950,2676.306419837038,72.98009999794886,194599.5222000056,453.87826919183556
1784866997,600,,Aggregated,185.800000,9.100000,950,1500,2000,2600,5400,12000,23000,33000,65000,129000,195000,54566,972,950,2678.4380263022053,72.98009999794886,194599.5222000056,453.6617674009456
1784866998,600,,Aggregated,186.700000,9.200000,950,1500,2000,2600,5400,12000,23000,33000,65000,129000,195000,54776,983,950,2678.1053855284517,72.98009999794886,194599.5222000056,453.46861764276326
1784866999,600,,Aggregated,190.400000,8.800000,950,1500,2000,2600,5400,12000,23000,33000,65000,129000,195000,54971,994,950,2678.4992483510664,72.98009999794886,194599.5222000056,453.57586727547255
1784867000,600,,Aggregated,193.000000,8.900000,950,1500,2000,2600,5400,12000,23000,33000,65000,129000,195000,55154,1007,950,2679.029147400126,72.98009999794886,194599.5222000056,453.4321898683686
1784867001,600,,Aggregated,194.800000,9.000000,950,1500,2000,2600,5400,12000,23000,33000,65000,129000,195000,55347,1015,950,2678.9631347300933,72.98009999794886,194599.5222000056,453.2904041772815
1784867002,600,,Aggregated,191.600000,9.700000,950,1500,2000,2600,5400,12000,23000,33000,65000,129000,195000,55536,1023,950,2679.220139849938,72.98009999794886,194599.5222000056,453.4537057044079
1784867003,600,,Aggregated,190.400000,9.300000,950,1500,2000,2600,5400,12000,23000,33000,65000,129000,195000,55728,1035,950,2679.7839885911258,72.98009999794886,194599.5222000056,453.4212065747918
1784867004,600,,Aggregated,191.100000,9.100000,950,1500,2000,2600,5400,12000,23000,33000,65000,129000,195000,55911,1041,950,2679.712762717636,72.98009999794886,194599.5222000056,453.5598361681959
1784867005,600,,Aggregated,192.000000,9.900000,950,1500,2000,2600,5400,12000,23000,33000,65000,129000,195000,56111,1051,950,2679.9089002406995,72.98009999794886,194599.5222000056,453.4515870328456
1784867006,600,,Aggregated,190.300000,9.000000,950,1500,2000,2600,5400,12000,23000,33000,65000,129000,195000,56303,1058,950,2679.911666772742,72.98009999794886,194599.5222000056,453.4797257694972
1784867007,600,,Aggregated,197.600000,9.500000,950,1500,2000,2600,5400,12000,23000,33000,65000,129000,195000,56506,1068,950,2679.7589899144523,72.98009999794886,194599.5222000056,453.5934237072169
1784867008,600,,Aggregated,197.000000,9.500000,950,1500,2000,2600,5400,12000,23000,33000,65000,129000,195000,56688,1077,950,2680.431028117166,72.98009999794886,194599.5222000056,453.68030270956814
1784867009,600,,Aggregated,193.200000,9.400000,950,1500,2000,2600,5400,12000,23000,33000,65000,129000,195000,56883,1087,950,2681.3671071551507,72.98009999794886,194599.5222000056,453.56204841516796
1784867010,600,,Aggregated,191.400000,9.400000,950,1500,2000,2600,5400,12000,23000,33000,62000,129000,195000,57063,1090,950,2679.5357424374115,72.98009999794886,194599.5222000056,453.54963811927166
1784867011,600,,Aggregated,190.400000,9.300000,950,1500,2000,2600,5400,12000,23000,33000,62000,129000,195000,57260,1098,950,2678.6638830144325,72.98009999794886,194599.5222000056,453.4931889626266
1784867012,600,,Aggregated,190.200000,8.400000,950,1500,2000,2600,5400,12000,23000,33000,65000,129000,195000,57457,1112,950,2683.404279379474,72.98009999794886,194599.5222000056,453.3880815218337
1784867013,600,,Aggregated,189.900000,8.400000,950,1500,2000,2600,5400,12000,23000,33000,65000,129000,195000,57653,1119,950,2682.371877402851,72.98009999794886,194599.5222000056,453.2738972820148
1784867014,600,,Aggregated,191.300000,8.800000,950,1500,2000,2600,5400,12000,23000,33000,65000,129000,195000,57840,1124,950,2680.329735829985,72.98009999794886,194599.5222000056,453.132918395574
1784867015,600,,Aggregated,191.300000,8.500000,950,1500,2000,2600,5400,12000,23000,33000,62000,129000,195000,58033,1140,950,2683.609032407531,72.98009999794886,194599.5222000056,452.9139799769097
1784867016,600,,Aggregated,191.400000,8.200000,950,1500,2000,2600,5500,12000,23000,33000,62000,129000,195000,58225,1147,950,2683.99907543678,72.98009999794886,194599.5222000056,452.758471446973
1784867017,600,,Aggregated,191.000000,8.900000,950,1500,2000,2600,5500,12000,23000,33000,62000,129000,195000,58408,1157,950,2684.228382314166,72.98009999794886,194599.5222000056,452.81754211751814
1784867018,600,,Aggregated,190.800000,8.900000,950,1500,2000,2600,5500,12000,23000,33000,62000,129000,195000,58605,1173,950,2686.8011383347102,72.98009999794886,194599.5222000056,452.6709666410716
1784867019,600,,Aggregated,189.000000,9.100000,950,1500,2000,2600,5500,12000,23000,33000,62000,129000,195000,58789,1181,950,2687.817881887874,72.98009999794886,194599.5222000056,452.78266342342954
1784867020,600,,Aggregated,189.400000,9.500000,950,1500,2000,2600,5500,12000,23000,33000,62000,129000,195000,58982,1188,950,2687.3957205962165,72.98009999794886,194599.5222000056,452.8064833338985
1784867021,600,,Aggregated,190.200000,9.500000,950,1500,2000,2600,5500,12000,23000,33000,62000,129000,195000,59185,1202,950,2690.84947329739,72.98009999794886,194599.5222000056,452.64284869477063
1784867022,600,,Aggregated,190.400000,9.700000,950,1500,2000,2600,5500,12000,23000,33000,62000,129000,195000,59374,1206,950,2689.7866027016253,72.98009999794886,194599.5222000056,452.5908646882474
1784867023,600,,Aggregated,192.100000,10.200000,950,1500,2000,2600,5500,12000,23000,33000,62000,129000,195000,59565,1217,950,2691.1022035626065,72.98009999794886,194599.5222000056,452.3511122303366
1784867024,600,,Aggregated,190.600000,9.600000,950,1500,2000,2600,5500,12000,23000,33000,62000,129000,195000,59753,1225,950,2691.7600147123353,72.98009999794886,194599.5222000056,452.26020450856026
1784867025,600,,Aggregated,190.900000,9.600000,950,1500,2000,2600,5500,12000,23000,33000,62000,129000,195000,59945,1230,950,2690.811276054816,72.98009999794886,194599.5222000056,452.17407623655015
1784867026,600,,Aggregated,190.800000,10.000000,950,1500,2000,2600,5500,12000,23000,33000,62000,128000,195000,60138,1233,950,2689.190159691154,72.98009999794886,194599.5222000056,452.1648375403239
1784867027,600,,Aggregated,189.700000,9.000000,950,1500,2000,2600,5500,12000,23000,33000,62000,128000,195000,60326,1239,950,2688.6352559627194,72.98009999794886,194599.5222000056,452.01065875410274
1784867028,600,,Aggregated,190.400000,8.600000,950,1500,2000,2600,5500,12000,23000,33000,62000,128000,195000,60521,1247,950,2689.1505420202448,72.98009999794886,194599.5222000056,452.2072668990929
1784867029,600,,Aggregated,190.700000,8.200000,950,1500,2000,2600,5500,12000,23000,33000,62000,128000,195000,60712,1256,950,2690.7046067994343,72.98009999794886,194599.5222000056,452.3163130847279
1784867030,600,,Aggregated,190.900000,7.500000,950,1500,2000,2600,5500,12000,23000,33000,62000,128000,195000,60895,1261,950,2690.207481730964,72.98009999794886,194599.5222000056,452.2158469496675
1784867031,600,,Aggregated,189.500000,7.300000,950,1500,2000,2600,5500,12000,23000,33000,61000,128000,195000,61098,1274,950,2692.0710781614343,72.98009999794886,194599.5222000056,452.0410160725392
1784867032,600,,Aggregated,189.800000,7.500000,950,1500,2000,2600,5500,12000,23000,33000,62000,128000,195000,61291,1285,950,2694.7939731266797,72.98009999794886,194599.5222000056,452.125956502586
1784867033,600,,Aggregated,189.500000,7.100000,950,1500,2000,2600,5500,12000,23000,33000,62000,128000,195000,61481,1297,950,2695.9017704381386,72.98009999794886,194599.5222000056,451.96011775995834
1784867034,600,,Aggregated,190.400000,7.700000,950,1500,2000,2600,5500,12000,23000,33000,62000,128000,195000,61671,1299,950,2693.6211266836326,72.98009999794886,194599.5222000056,451.9785312383454
1784867035,600,,Aggregated,189.100000,7.900000,950,1500,2000,2600,5500,12000,23000,33000,62000,128000,195000,61879,1313,950,2695.0220629148193,72.98009999794886,194599.5222000056,451.8926614845101
1784867036,600,,Aggregated,189.900000,7.700000,950,1500,2000,2600,5500,12000,23000,33000,61000,128000,195000,62056,1320,950,2694.969073495014,72.98009999794886,194599.5222000056,451.85290705169524
1784867037,600,,Aggregated,191.200000,8.100000,950,1500,2000,2600,5500,12000,23000,33000,61000,128000,195000,62238,1328,950,2695.177032907654,72.98009999794886,194599.5222000056,451.73498505736046
1784867038,600,,Aggregated,189.700000,8.600000,950,1500,2000,2600,5500,12000,23000,33000,61000,128000,195000,62437,1340,950,2696.612468201661,72.98009999794886,194599.5222000056,451.6155644890049
1784867039,600,,Aggregated,190.000000,8.700000,950,1500,2000,2600,5500,12000,23000,33000,61000,128000,195000,62627,1345,950,2694.903089538175,72.98009999794886,194599.5222000056,451.47568939914095
1784867040,600,,Aggregated,190.500000,8.900000,950,1500,2000,2600,5500,12000,23000,33000,61000,128000,195000,62816,1356,950,2696.743029183772,72.98009999794886,194599.5222000056,451.3210965359144
1784867041,600,,Aggregated,190.800000,9.000000,950,1500,2000,2600,5500,12000,23000,33000,61000,128000,195000,63002,1363,950,2697.0148019191097,72.98009999794886,194599.5222000056,451.1761690105076
1784867042,600,,Aggregated,191.100000,9.200000,950,1500,2000,2600,5500,12000,23000,33000,61000,128000,195000,63205,1373,950,2696.9127481070714,72.98009999794886,194599.5222000056,451.10168499327585
1784867043,600,,Aggregated,189.900000,9.000000,950,1500,2000,2600,5500,12000,23000,33000,61000,128000,195000,63401,1384,950,2699.244125644818,72.98009999794886,194599.5222000056,451.0583271557231
1784867044,600,,Aggregated,189.200000,8.500000,950,1500,2000,2600,5500,12000,23000,33000,61000,128000,195000,63576,1388,950,2698.6364906506737,72.98009999794886,194599.5222000056,450.92402793506983
1784867045,600,,Aggregated,191.200000,8.800000,950,1500,2000,2600,5500,12000,23000,33000,61000,128000,195000,63771,1397,950,2700.07716155788,72.98009999794886,194599.5222000056,451.03238149001896
1784867046,600,,Aggregated,189.700000,8.900000,950,1500,2000,2600,5500,12000,23000,33000,61000,128000,195000,63958,1404,950,2700.1060944918218,72.98009999794886,194599.5222000056,450.9322680509084
1784867047,600,,Aggregated,187.900000,8.200000,950,1500,2000,2600,5500,12000,23000,33000,61000,128000,195000,64148,1416,950,2703.028026934708,72.98009999794886,194599.5222000056,450.93446405188
1784867048,600,,Aggregated,189.600000,8.300000,950,1500,2000,2600,5500,12000,23000,33000,61000,128000,195000,64338,1423,950,2703.828779261212,72.98009999794886,194599.5222000056,450.8119151978613
1784867049,600,,Aggregated,189.900000,8.500000,950,1500,2000,2600,5500,12000,23000,33000,61000,128000,195000,64537,1434,950,2704.8038293057884,72.98009999794886,194599.5222000056,450.6874970946899
1784867050,600,,Aggregated,188.500000,8.300000,950,1500,2000,2600,5500,12000,23000,33000,61000,128000,195000,64723,1443,950,2704.4299740201727,72.98009999794886,194599.5222000056,450.39451199728074
1784867051,600,,Aggregated,189.900000,8.800000,950,1500,2000,2600,5500,12000,23000,33000,61000,128000,195000,64906,1448,950,2703.1412172296464,72.98009999794886,194599.5222000056,450.38563461005145
1784867052,600,,Aggregated,189.300000,8.300000,950,1500,2000,2600,5500,12000,23000,33000,61000,128000,195000,65106,1457,950,2702.9623755415323,72.98009999794886,194599.5222000056,450.3903019690965
1784867053,600,,Aggregated,189.000000,8.600000,950,1500,2000,2600,5500,12000,23000,33000,61000,128000,195000,65294,1463,950,2703.1469671640048,72.98009999794886,194599.5222000056,450.25709866143904
1784867054,600,,Aggregated,189.800000,8.600000,950,1500,2000,2600,5500,12000,23000,33000,61000,128000,195000,65482,1470,950,2702.0704525672154,72.98009999794886,194599.5222000056,450.2547875752115
1784867055,600,,Aggregated,189.200000,7.900000,950,1500,2000,2600,5500,12000,23000,33000,61000,128000,195000,65676,1477,950,2702.2127682837954,72.98009999794886,194599.5222000056,450.26936780559106
1784867056,600,,Aggregated,190.300000,7.900000,950,1500,2000,2600,5500,12000,23000,33000,61000,128000,195000,65862,1488,950,2704.0954133294867,72.98009999794886,194599.5222000056,450.1344326015001
1784867057,600,,Aggregated,191.600000,8.100000,950,1500,2000,2600,5500,12000,23000,33000,61000,128000,195000,66055,1494,950,2703.0311625056047,72.98009999794886,194599.5222000056,450.13765801226253
1784867058,600,,Aggregated,191.500000,8.300000,950,1500,2000,2600,5500,12000,23000,33000,61000,128000,195000,66253,1503,950,2704.1576906948767,72.98009999794886,194599.5222000056,450.1984815781927
1784867059,600,,Aggregated,190.300000,8.200000,950,1500,2000,2600,5500,12000,23000,33000,61000,128000,195000,66449,1513,950,2704.2609959217953,72.98009999794886,194599.5222000056,450.14227452632844
1784867060,600,,Aggregated,190.300000,8.200000,950,1500,2000,2600,5500,12000,23000,33000,61000,128000,195000,66648,1525,950,2706.7495594017455,72.98009999794886,194599.5222000056,450.0087474492858
1784867061,600,,Aggregated,189.000000,7.900000,950,1500,2000,2600,5500,12000,23000,33000,61000,128000,195000,66832,1531,950,2706.1589200922886,72.98009999794886,194599.5222000056,450.0012119942543
1784867062,600,,Aggregated,189.100000,8.100000,950,1500,2100,2600,5500,12000,23000,33000,61000,128000,195000,67027,1539,950,2706.956536683838,72.98009999794886,194599.5222000056,450.0775209990004
1784867063,600,,Aggregated,189.500000,8.100000,950,1500,2100,2600,5500,12000,23000,33000,61000,128000,195000,67234,1549,950,2708.30811468167,72.98009999794886,194599.5222000056,449.936356605289
1784867064,600,,Aggregated,187.100000,8.200000,950,1500,2000,2600,5500,12000,23000,33000,61000,128000,195000,67429,1557,950,2708.0002485519235,72.98009999794886,194599.5222000056,449.73195509350575
1784867065,600,,Aggregated,189.000000,8.100000,950,1500,2000,2600,5500,12000,23000,33000,61000,128000,195000,67615,1568,950,2709.6898704238415,72.98009999794886,194599.5222000056,449.5746358056644
1784867066,600,,Aggregated,190.600000,8.500000,950,1500,2100,2600,5500,12000,23000,33000,61000,128000,195000,67806,1575,950,2709.5066780300817,72.98009999794886,194599.5222000056,449.4337226794089
1784867067,600,,Aggregated,189.900000,8.800000,950,1500,2100,2600,5500,12000,23000,33000,61000,128000,195000,67987,1584,950,2709.80583625116,72.98009999794886,194599.5222000056,449.36177504522925
1784867068,600,,Aggregated,189.100000,8.600000,950,1500,2100,2600,5500,12000,23000,33000,59000,128000,195000,68181,1592,950,2710.263214358943,72.98009999794886,194599.5222000056,449.3735644827738
1784867069,600,,Aggregated,189.800000,8.700000,950,1500,2100,2600,5500,12000,23000,33000,59000,128000,195000,68383,1599,950,2709.4051752410287,72.98009999794886,194599.5222000056,449.41134492490824
1784867070,600,,Aggregated,189.200000,8.600000,950,1500,2000,2600,5500,12000,23000,33000,59000,128000,195000,68574,1607,950,2708.592902788331,72.98009999794886,194599.5222000056,449.45922652900515
1784867071,600,,Aggregated,190.900000,8.500000,950,1500,2000,2600,5500,12000,23000,33000,59000,128000,195000,68755,1613,950,2708.268379699028,72.98009999794886,194599.5222000056,449.5735873754636
1784867072,600,,Aggregated,192.500000,8.400000,950,1500,2100,2600,5500,12000,23000,33000,59000,128000,195000,68947,1623,950,2710.1493780383003,72.98009999794886,194599.5222000056,449.51588901620084
1784867073,600,,Aggregated,191.700000,8.000000,950,1500,2100,2600,5500,12000,23000,33000,59000,128000,195000,69150,1636,950,2712.5308927477477,72.98009999794886,194599.5222000056,449.4032682574114
1784867074,600,,Aggregated,193.200000,8.300000,950,1500,2100,2600,5500,12000,23000,33000,59000,128000,195000,69342,1641,950,2711.708352816569,72.98009999794886,194599.5222000056,449.326973551383
1784867075,600,,Aggregated,190.200000,8.600000,950,1500,2100,2600,5500,12000,23000,33000,59000,128000,195000,69533,1650,950,2713.3498671451844,72.98009999794886,194599.5222000056,449.3567514705248
1784867076,600,,Aggregated,189.500000,8.500000,950,1500,2100,2600,5600,12000,23000,33000,59000,128000,195000,69721,1661,950,2714.091368417062,72.98009999794886,194599.5222000056,449.359619053083
1784867077,500,,Aggregated,190.400000,8.400000,950,1500,2100,2600,5600,12000,23000,33000,59000,128000,195000,69901,1669,950,2715.3970120199374,72.98009999794886,194599.5222000056,449.2400967082016
1784867078,400,,Aggregated,190.500000,8.300000,950,1500,2100,2600,5600,12000,23000,33000,58000,123000,195000,70056,1672,950,2715.0440013732737,72.98009999794886,194599.5222000056,449.1656389174375
1784867079,300,,Aggregated,191.400000,8.600000,950,1500,2100,2600,5600,12000,23000,33000,58000,123000,195000,70206,1674,950,2713.458260685784,72.98009999794886,194599.5222000056,449.2090134746318
1784867080,200,,Aggregated,189.200000,8.300000,950,1500,2100,2600,5500,12000,23000,33000,58000,123000,195000,70348,1674,950,2710.522415413456,72.98009999794886,194599.5222000056,449.0861716040257
1784867081,100,,Aggregated,184.400000,7.800000,950,1500,2000,2600,5500,12000,23000,33000,58000,123000,195000,70473,1674,950,2708.0243449889476,72.98009999794886,194599.5222000056,449.15214337405814
1784867082,40,,Aggregated,179.500000,7.300000,950,1500,2000,2600,5500,12000,23000,33000,58000,123000,195000,70531,1675,950,2706.733853930978,72.98009999794886,194599.5222000056,449.0973614439041
1784867083,40,,Aggregated,175.200000,6.600000,950,1500,2000,2600,5500,12000,23000,33000,58000,123000,195000,70567,1676,950,2706.0606586337203,72.98009999794886,194599.5222000056,449.12558277948614
1784867084,40,,Aggregated,167.600000,5.500000,950,1500,2000,2600,5500,12000,23000,33000,58000,123000,195000,70598,1676,950,2704.9121621873983,72.98009999794886,194599.5222000056,449.21374543188193
1784867085,40,,Aggregated,152.800000,4.700000,950,1500,2000,2600,5500,12000,23000,33000,58000,123000,195000,70633,1676,950,2703.6176587955483,72.98009999794886,194599.5222000056,449.26421077966387
1784867086,40,,Aggregated,136.600000,3.900000,950,1500,2000,2600,5500,12000,23000,33000,58000,123000,195000,70667,1676,950,2702.362496363308,72.98009999794886,194599.5222000056,449.3093381634992
1784867087,40,,Aggregated,119.800000,3.100000,950,1500,2000,2600,5500,12000,23000,33000,58000,123000,195000,70702,1677,950,2701.635723036205,72.98009999794886,194599.5222000056,449.3455206359085
1784867088,40,,Aggregated,104.400000,2.200000,950,1500,2000,2600,5500,12000,23000,33000,58000,123000,195000,70736,1677,950,2700.38005804973,72.98009999794886,194599.5222000056,449.3497370504411
1784867089,40,,Aggregated,88.600000,1.100000,950,1500,2000,2600,5500,12000,23000,33000,58000,123000,195000,70773,1678,950,2699.4012162082367,72.98009999794886,194599.5222000056,449.29949274440816
1784867090,40,,Aggregated,75.800000,0.700000,940,1500,2000,2600,5500,12000,23000,33000,58000,123000,195000,70807,1678,940,2698.150690152185,72.98009999794886,194599.5222000056,449.2846046294858
1784867091,40,,Aggregated,64.300000,0.600000,940,1500,2000,2600,5500,12000,23000,33000,58000,123000,195000,70846,1680,940,2697.6661507100725,72.98009999794886,194599.5222000056,449.32447844620725
1784867092,40,,Aggregated,52.500000,0.400000,940,1500,2000,2600,5500,12000,23000,33000,58000,123000,195000,70884,1680,940,2696.2699463321146,72.98009999794886,194599.5222000056,449.3249534450652
1784867093,40,,Aggregated,42.000000,0.500000,940,1500,2000,2600,5500,12000,23000,33000,58000,123000,195000,70923,1681,940,2695.382938650449,72.98009999794886,194599.5222000056,449.3280036095484
1784867094,40,,Aggregated,34.800000,0.600000,940,1500,2000,2600,5500,12000,23000,33000,58000,123000,195000,70961,1681,940,2693.9887727174887,72.98009999794886,194599.5222000056,449.3316610532546
1784867095,40,,Aggregated,35.300000,0.500000,940,1500,2000,2600,5500,12000,23000,33000,58000,123000,195000,70996,1682,940,2693.1750424559928,72.98009999794886,194599.5222000056,449.2926643754578
1784867096,40,,Aggregated,35.600000,0.500000,940,1400,2000,2600,5500,12000,23000,33000,57000,123000,195000,71041,1682,940,2691.5311763067157,72.98009999794886,194599.5222000056,449.26201770808404
1784867097,40,,Aggregated,36.400000,0.500000,940,1400,2000,2600,5500,12000,23000,33000,57000,123000,195000,71081,1682,940,2690.071212076439,72.62859999900684,194599.5222000056,449.3041600427681
1784867098,40,,Aggregated,36.900000,0.600000,940,1400,2000,2600,5500,12000,23000,33000,57000,123000,195000,71119,1682,940,2688.682112235906,72.62859999900684,194599.5222000056,449.2608585610034
1784867099,40,,Aggregated,37.100000,0.600000,940,1400,2000,2600,5500,12000,23000,33000,57000,123000,195000,71158,1682,940,2687.2641391748693,72.62859999900684,194599.5222000056,449.39410888445434
1784867100,40,,Aggregated,37.900000,0.500000,940,1400,2000,2600,5500,12000,23000,33000,57000,123000,195000,71198,1682,940,2685.8059045156538,72.62859999900684,194599.5222000056,449.4741425320936
1784867101,40,,Aggregated,38.200000,0.400000,940,1400,2000,2600,5500,12000,23000,33000,57000,123000,195000,71237,1682,940,2684.3872228140663,72.62859999900684,194599.5222000056,449.4069233684742
1784867102,40,,Aggregated,38.600000,0.400000,940,1400,2000,2600,5500,12000,23000,33000,57000,123000,195000,71276,1682,940,2682.968129983528,72.62859999900684,194599.5222000056,449.4670576351086
1784867103,40,,Aggregated,38.900000,0.300000,940,1400,2000,2600,5500,12000,23000,33000,57000,123000,195000,71315,1682,940,2681.554544937336,72.62859999900684,194599.5222000056,449.5182640398233
1784867104,40,,Aggregated,38.900000,0.200000,940,1400,2000,2600,5500,12000,23000,33000,57000,123000,195000,71355,1682,940,2680.1038914358624,72.62859999900684,194599.5222000056,449.5278396748651
1784867105,40,,Aggregated,38.800000,0.200000,940,1400,2000,2600,5500,12000,23000,33000,57000,123000,195000,71394,1682,940,2678.6902016542826,72.62859999900684,194599.5222000056,449.52584250777375
1784867106,40,,Aggregated,38.800000,0.100000,940,1400,2000,2600,5500,12000,23000,33000,57000,123000,195000,71434,1682,940,2677.242431906456,72.62859999900684,194599.5222000056,449.4393706078338
1784867107,40,,Aggregated,38.900000,0.100000,940,1400,2000,2600,5500,12000,23000,33000,57000,123000,195000,71472,1682,940,2675.867800583529,72.62859999900684,194599.5222000056,449.39178979180656
1784867108,40,,Aggregated,38.900000,0.000000,940,1400,2000,2600,5500,12000,23000,33000,57000,123000,195000,71511,1682,940,2674.4584430773734,72.62859999900684,194599.5222000056,449.3482261470263
1784867109,40,,Aggregated,39.300000,0.000000,940,1400,2000,2600,5500,12000,23000,33000,57000,123000,195000,71551,1682,940,2673.017065261225,72.62859999900684,194599.5222000056,449.366703470252
1784867110,40,,Aggregated,39.100000,0.000000,940,1400,2000,2600,5500,12000,23000,33000,57000,123000,195000,71590,1682,940,2671.6219390809624,72.62859999900684,194599.5222000056,449.3522000279369
1784867111,40,,Aggregated,38.800000,0.000000,940,1400,2000,2600,5500,12000,23000,33000,57000,123000,195000,71629,1682,940,2670.216342367007,72.62859999900684,194599.5222000056,449.4454620335339
1784867112,40,,Aggregated,38.300000,0.000000,940,1400,2000,2600,5500,12000,23000,33000,57000,123000,195000,71669,1682,940,2668.789729500984,72.62859999900684,194599.5222000056,449.4625988921291
1784867113,40,,Aggregated,39.100000,0.000000,940,1400,2000,2600,5500,12000,23000,33000,57000,123000,195000,71707,1682,940,2667.432076959098,72.62859999900684,194599.5222000056,449.6052407714728
1784867114,40,,Aggregated,38.900000,0.000000,930,1400,2000,2600,5500,12000,23000,33000,57000,123000,195000,71747,1682,930,2666.010413766511,72.62859999900684,194599.5222000056,449.5436324863757
1784867115,40,,Aggregated,39.000000,0.000000,930,1400,2000,2600,5500,12000,23000,33000,57000,123000,195000,71786,1682,930,2664.628112725405,72.62859999900684,194599.5222000056,449.51901484969216
1784867116,40,,Aggregated,38.400000,0.000000,930,1400,2000,2600,5500,12000,23000,33000,57000,123000,195000,71825,1682,930,2663.239585737636,72.62859999900684,194599.5222000056,449.51012878524193
1784867117,40,,Aggregated,38.900000,0.000000,930,1400,2000,2600,5500,12000,23000,33000,57000,123000,195000,71863,1682,930,2661.885263392927,72.62859999900684,194599.5222000056,449.5758178756801
1784867118,40,,Aggregated,38.800000,0.000000,930,1400,2000,2600,5500,12000,23000,33000,57000,123000,195000,71902,1682,930,2660.496619116376,72.62859999900684,194599.5222000056,449.60457289087924
1784867119,40,,Aggregated,38.600000,0.000000,930,1400,2000,2600,5500,12000,23000,33000,57000,123000,195000,71943,1682,930,2659.049586429615,72.62859999900684,194599.5222000056,449.6744228069444
1784867120,40,,Aggregated,38.800000,0.000000,930,1400,2000,2600,5500,12000,23000,33000,57000,123000,195000,71982,1682,930,2657.662555670942,72.62859999900684,194599.5222000056,449.6742518963074
1784867121,40,,Aggregated,38.400000,0.000000,930,1400,2000,2600,5500,12000,23000,33000,57000,123000,195000,72019,1682,930,2656.349993090789,72.62859999900684,194599.5222000056,449.6449131479193
1784867122,40,,Aggregated,39.700000,0.000000,930,1400,2000,2600,5500,12000,23000,33000,57000,123000,195000,72059,1682,930,2654.9352514967645,72.62859999900684,194599.5222000056,449.6687297908658
1784867123,40,,Aggregated,38.900000,0.000000,930,1400,2000,2500,5500,12000,23000,33000,57000,123000,195000,72099,1682,930,2653.528866694483,72.62859999900684,194599.5222000056,449.72883119044644
1784867124,40,,Aggregated,38.800000,0.000000,930,1400,2000,2500,5500,12000,23000,33000,57000,123000,195000,72138,1682,930,2652.151286180731,72.62859999900684,194599.5222000056,449.7430203221603
1784867125,40,,Aggregated,38.400000,0.000000,930,1400,2000,2500,5400,12000,23000,33000,57000,123000,195000,72179,1682,930,2650.7145672897345,72.62859999900684,194599.5222000056,449.72877152634425
1784867126,40,,Aggregated,39.700000,0.000000,930,1400,2000,2500,5400,12000,23000,33000,57000,123000,195000,72220,1682,930,2649.268791708748,72.62859999900684,194599.5222000056,449.6989199667682
1784867127,40,,Aggregated,38.500000,0.000000,930,1400,2000,2500,5400,12000,23000,33000,57000,123000,195000,72257,1682,930,2648.0010495952743,72.62859999900684,194599.5222000056,449.7140069474238
1784867128,40,,Aggregated,39.200000,0.000000,930,1400,2000,2500,5400,12000,23000,33000,57000,123000,195000,72300,1682,930,2646.4917089807145,72.62859999900684,194599.5222000056,449.75507607192253
1784867129,40,,Aggregated,39.000000,0.000000,930,1400,2000,2500,5400,12000,23000,33000,57000,123000,195000,72339,1682,930,2645.1135218002105,72.62859999900684,194599.5222000056,449.7448817373754
1784867131,40,,Aggregated,38.700000,0.000000,930,1400,2000,2500,5400,12000,23000,33000,57000,123000,195000,72377,1682,930,2643.7740496968017,72.62859999900684,194599.5222000056,449.70334498528536
1784867132,40,,Aggregated,39.900000,0.000000,930,1400,2000,2500,5400,12000,23000,33000,57000,123000,195000,72411,1682,930,2642.5773522476597,72.62859999900684,194599.5222000056,449.70293187499135
1784867133,40,,Aggregated,38.900000,0.000000,930,1400,2000,2500,5400,12000,23000,33000,57000,123000,195000,72457,1682,930,2640.9628723105475,72.62859999900684,194599.5222000056,449.7743351229005
1784867134,40,,Aggregated,38.700000,0.000000,930,1400,2000,2500,5400,12000,23000,33000,57000,123000,195000,72497,1682,930,2639.563304927172,72.62859999900684,194599.5222000056,449.79233623460283
1784867135,40,,Aggregated,39.700000,0.000000,930,1400,2000,2500,5400,12000,23000,33000,57000,123000,195000,72537,1682,930,2638.1583687567077,72.62859999900684,194599.5222000056,449.7972483008671
1784867136,40,,Aggregated,39.100000,0.000000,930,1400,2000,2500,5400,12000,23000,33000,57000,123000,195000,72575,1682,930,2636.826187457183,72.62859999900684,194599.5222000056,449.7962245952463
